conversation_id,interaction_id,call_type,model,provider,temperature,messages,confidence_score,response,token_usage,timestamp
conv_20250709_c292f1a5,1,Classification,gpt-4o,openai,0,0.9,"[{""role"": ""system"", ""content"": ""[PROMPT:clasificadorprompt_v3.txt]""}, {""role"": ""user"", ""content"": ""{\""user_last_message\"": \""hola\"", \""bot_last_response\"": \""\"", \""second_to_last_interaction\"": \""User:  | Bot: \"", \""third_to_last_interaction\"": \""\""}""}]","{""classification"": ""No Relacionado"", ""confidence_score"": 0.9, ""inputs"": {}, ""missing_inputs"": [], ""follow_up_prompt"": ""隆Hola! 驴En qu茅 puedo ayudarte hoy?""}","{'completion_tokens': 50, 'prompt_tokens': 5532, 'total_tokens': 5582, 'completion_tokens_details': {'accepted_prediction_tokens': 0, 'audio_tokens': 0, 'reasoning_tokens': 0, 'rejected_prediction_tokens': 0}, 'prompt_tokens_details': {'audio_tokens': 0, 'cached_tokens': 0}}",2025-07-09 12:17:21
conv_20250709_c292f1a5,2,Classification,gpt-4o,openai,0,0.92,"[{""role"": ""system"", ""content"": ""[PROMPT:clasificadorprompt_v3.txt]""}, {""role"": ""user"", ""content"": ""{\""user_last_message\"": \""Cuantos tickets se han registrado en lo que va de esta semana habil'\"", \""bot_last_response\"": \""\"", \""second_to_last_interaction\"": \""User: hola | Bot: \"", \""third_to_last_interaction\"": \""User:  | Bot: \""}""}]","{""classification"": ""B煤squeda de Query"", ""confidence_score"": 0.92, ""inputs"": {""user_question"": ""Cuantos tickets se han registrado en lo que va de esta semana habil""}, ""missing_inputs"": [], ""follow_up_prompt"": """"}","{'completion_tokens': 64, 'prompt_tokens': 5551, 'total_tokens': 5615, 'completion_tokens_details': {'accepted_prediction_tokens': 0, 'audio_tokens': 0, 'reasoning_tokens': 0, 'rejected_prediction_tokens': 0}, 'prompt_tokens_details': {'audio_tokens': 0, 'cached_tokens': 5376}}",2025-07-09 12:17:36
conv_20250709_c292f1a5,2,SQL Generation,gpt-4o-mini,openai,0,,"[{""role"": ""system"", ""content"": ""[PROMPT:queryprompt_v1.txt]""}, {""role"": ""user"", ""content"": ""Cuantos tickets se han registrado en lo que va de esta semana habil""}]","{""sql_query"": ""SELECT TOP 100 iError = 0, vError = '', vJsonType = 'Query', COUNT(*) AS TotalTickets FROM Tickets WHERE CONVERT(datetime, FechaCreado, 101) >= DATEADD(DAY, -DATEDIFF(DAY, 0, GETDATE()) % 7, GETDATE()) AND CONVERT(datetime, FechaCreado, 101) < DATEADD(DAY, 1, GETDATE()) ORDER BY CONVERT(datetime, FechaCreado, 101) DESC"", ""mensaje"": ""Se cuenta el total de tickets registrados desde el inicio de la semana actual.""}","{'completion_tokens': 132, 'prompt_tokens': 3203, 'total_tokens': 3335, 'completion_tokens_details': {'accepted_prediction_tokens': 0, 'audio_tokens': 0, 'reasoning_tokens': 0, 'rejected_prediction_tokens': 0}, 'prompt_tokens_details': {'audio_tokens': 0, 'cached_tokens': 0}}",2025-07-09 12:17:38
conv_20250709_c292f1a5,3,Classification,gpt-4o,openai,0,0.95,"[{""role"": ""system"", ""content"": ""[PROMPT:clasificadorprompt_v3.txt]""}, {""role"": ""user"", ""content"": ""{\""user_last_message\"": \""cual es el ticket 9?\"", \""bot_last_response\"": \""\"", \""second_to_last_interaction\"": \""User: Cuantos tickets se han registrado en lo que va de esta semana habil' | Bot: \"", \""third_to_last_interaction\"": \""User: hola | Bot: \""}""}]","{""classification"": ""Consulta de Tickets"", ""confidence_score"": 0.95, ""inputs"": {""ticket_number"": ""9"", ""user_question"": ""cual es el ticket 9?""}, ""missing_inputs"": [], ""follow_up_prompt"": """"}","{'completion_tokens': 63, 'prompt_tokens': 5558, 'total_tokens': 5621, 'completion_tokens_details': {'accepted_prediction_tokens': 0, 'audio_tokens': 0, 'reasoning_tokens': 0, 'rejected_prediction_tokens': 0}, 'prompt_tokens_details': {'audio_tokens': 0, 'cached_tokens': 5376}}",2025-07-09 12:18:20
conv_20250709_c292f1a5,5,Ticket Query,gpt-4o-mini,openai,0.3,,"[{""role"": ""system"", ""content"": ""[PROMPT:ticketprompt_v1.txt]""}, {""role"": ""user"", ""content"": ""cual es el ticket 9?""}]","""Aqu铆 est谩 toda la informaci贸n del ticket 9:\n\n    * IdTicket: 9 | Cliente: IC | Titulo: A10-Aplicacion de reestructuras | Descripcion: Aplicacion de reestructuras-Se platic贸 con Karla Reyes acerca de este requerimiento y me coment贸 que este desarrollo ya no lo tiene como pendiente. Se da por cerrado el 26/03/2018 | Objetivo: Aplicacion de reestructuras | FechaCreado: 11/01/2018 | HoraCreado: 5:41PM | DetectadoPor: Juan | Asignado A: Juan | Contacto: No especificado | Categoria: Req Desarrollo | Prioridad: Otros | Modulo: No especificado | Estatus: Cerrado | FechaEstatus: 11/01/2018 | HoraEstatus: 5:41PM | Unidades: 0 | Costo: 0.0 | Calificacion: 0 | FechaEntrega: No especificada | Resumen: No especificado | Etiquetas: No especificadas | UltimoComentario: // Email - Notificaci贸n de Conclusi贸n - Encuesta | FechaUltimoComentario: 22/09/2021 | HoraUltimoComentario: 3:32PM | DiasDelTicket: 0 | DiasEnEstatus: 2736 | DiasParaCambiar: 0""","{'completion_tokens': 299, 'prompt_tokens': 2871, 'total_tokens': 3170, 'completion_tokens_details': {'accepted_prediction_tokens': 0, 'audio_tokens': 0, 'reasoning_tokens': 0, 'rejected_prediction_tokens': 0}, 'prompt_tokens_details': {'audio_tokens': 0, 'cached_tokens': 0}}",2025-07-09 12:18:27
conv_20250709_c292f1a5,7,Classification,gpt-4o,openai,0,0.95,"[{""role"": ""system"", ""content"": ""[PROMPT:clasificadorprompt_v3.txt]""}, {""role"": ""user"", ""content"": ""{\""user_last_message\"": \""cual es el titulo del ticket 25000?\"", \""bot_last_response\"": \""\"", \""second_to_last_interaction\"": \""User: cual es el ticket 9? | Bot: \"", \""third_to_last_interaction\"": \""User: Cuantos tickets se han registrado en lo que va de esta semana habil' | Bot: \""}""}]","{""classification"": ""Consulta de Tickets"", ""confidence_score"": 0.95, ""inputs"": {""ticket_number"": ""25000"", ""user_question"": ""cual es el titulo del ticket 25000?""}, ""missing_inputs"": [], ""follow_up_prompt"": """"}","{'completion_tokens': 67, 'prompt_tokens': 5567, 'total_tokens': 5634, 'completion_tokens_details': {'accepted_prediction_tokens': 0, 'audio_tokens': 0, 'reasoning_tokens': 0, 'rejected_prediction_tokens': 0}, 'prompt_tokens_details': {'audio_tokens': 0, 'cached_tokens': 5376}}",2025-07-09 12:18:51
conv_20250709_c292f1a5,9,Ticket Query,gpt-4o-mini,openai,0.3,,"[{""role"": ""system"", ""content"": ""[PROMPT:ticketprompt_v1.txt]""}, {""role"": ""user"", ""content"": ""cual es el titulo del ticket 25000?""}]","""El t铆tulo del ticket 25000 es: Eliminar cr茅ditos de solicitudes duplicadas.""","{'completion_tokens': 28, 'prompt_tokens': 3282, 'total_tokens': 3310, 'completion_tokens_details': {'accepted_prediction_tokens': 0, 'audio_tokens': 0, 'reasoning_tokens': 0, 'rejected_prediction_tokens': 0}, 'prompt_tokens_details': {'audio_tokens': 0, 'cached_tokens': 1920}}",2025-07-09 12:18:54
conv_20250709_c292f1a5,11,Classification,gpt-4o,openai,0,0.95,"[{""role"": ""system"", ""content"": ""[PROMPT:clasificadorprompt_v3.txt]""}, {""role"": ""user"", ""content"": ""{\""user_last_message\"": \""y su descripcion?\"", \""bot_last_response\"": \""\"", \""second_to_last_interaction\"": \""User: cual es el titulo del ticket 25000? | Bot: \"", \""third_to_last_interaction\"": \""User: cual es el ticket 9? | Bot: \""}""}]","{""classification"": ""Pregunta Continuada"", ""confidence_score"": 0.95, ""inputs"": {""context_active"": true, ""user_question"": ""y su descripcion?""}, ""missing_inputs"": [], ""follow_up_prompt"": """"}","{'completion_tokens': 58, 'prompt_tokens': 5555, 'total_tokens': 5613, 'completion_tokens_details': {'accepted_prediction_tokens': 0, 'audio_tokens': 0, 'reasoning_tokens': 0, 'rejected_prediction_tokens': 0}, 'prompt_tokens_details': {'audio_tokens': 0, 'cached_tokens': 5376}}",2025-07-09 12:19:02
conv_20250709_c292f1a5,13,Classification,gpt-4o,openai,0,0.95,"[{""role"": ""system"", ""content"": ""[PROMPT:clasificadorprompt_v3.txt]""}, {""role"": ""user"", ""content"": ""{\""user_last_message\"": \""que opinas de la tabla a3 de la documentacion iso'\"", \""bot_last_response\"": \""\"", \""second_to_last_interaction\"": \""User: y su descripcion? | Bot: \"", \""third_to_last_interaction\"": \""User: cual es el titulo del ticket 25000? | Bot: \""}""}]","{""classification"": ""ISO"", ""confidence_score"": 0.95, ""inputs"": {""iso_question"": ""que opinas de la tabla a3 de la documentacion iso""}, ""missing_inputs"": [], ""follow_up_prompt"": """"}","{'completion_tokens': 59, 'prompt_tokens': 5562, 'total_tokens': 5621, 'completion_tokens_details': {'accepted_prediction_tokens': 0, 'audio_tokens': 0, 'reasoning_tokens': 0, 'rejected_prediction_tokens': 0}, 'prompt_tokens_details': {'audio_tokens': 0, 'cached_tokens': 5376}}",2025-07-09 12:19:21
conv_20250709_c292f1a5,14,ISO Answer,gpt-4o-mini,openai,1,,"[{""role"": ""system"", ""content"": ""[PROMPT:isoprompt_v1.txt]""}, {""role"": ""user"", ""content"": ""que opinas de la tabla a3 de la documentacion iso""}]","""No tengo informaci贸n espec铆fica sobre la tabla A3 de la documentaci贸n ISO. Te recomendar铆a consultar directamente con el departamento de calidad para obtener aclaraciones precisas sobre este tema.""","{'completion_tokens': 41, 'prompt_tokens': 197, 'total_tokens': 238, 'completion_tokens_details': {'accepted_prediction_tokens': 0, 'audio_tokens': 0, 'reasoning_tokens': 0, 'rejected_prediction_tokens': 0}, 'prompt_tokens_details': {'audio_tokens': 0, 'cached_tokens': 0}}",2025-07-09 12:19:22
conv_20250709_c292f1a5,16,Classification,gpt-4o,openai,0,0.95,"[{""role"": ""system"", ""content"": ""[PROMPT:clasificadorprompt_v3.txt]""}, {""role"": ""user"", ""content"": ""{\""user_last_message\"": \""Donde se encuentra el diagrama tortuga de la documentacion iso?\"", \""bot_last_response\"": \""\"", \""second_to_last_interaction\"": \""User: que opinas de la tabla a3 de la documentacion iso' | Bot: \"", \""third_to_last_interaction\"": \""User: y su descripcion? | Bot: \""}""}]","{""classification"": ""ISO"", ""confidence_score"": 0.95, ""inputs"": {""iso_question"": ""Donde se encuentra el diagrama tortuga de la documentacion iso?""}, ""missing_inputs"": [], ""follow_up_prompt"": """"}","{'completion_tokens': 60, 'prompt_tokens': 5567, 'total_tokens': 5627, 'completion_tokens_details': {'accepted_prediction_tokens': 0, 'audio_tokens': 0, 'reasoning_tokens': 0, 'rejected_prediction_tokens': 0}, 'prompt_tokens_details': {'audio_tokens': 0, 'cached_tokens': 5376}}",2025-07-09 12:20:07
conv_20250709_c292f1a5,17,ISO Answer,gpt-4o-mini,openai,1,,"[{""role"": ""system"", ""content"": ""[PROMPT:isoprompt_v1.txt]""}, {""role"": ""user"", ""content"": ""Donde se encuentra el diagrama tortuga de la documentacion iso?""}]","""No tengo informaci贸n espec铆fica sobre la ubicaci贸n del diagrama tortuga en la documentaci贸n ISO. Te recomendar铆a consultar directamente con el departamento de calidad para obtener aclaraciones precisas sobre este tema.""","{'completion_tokens': 44, 'prompt_tokens': 357, 'total_tokens': 401, 'completion_tokens_details': {'accepted_prediction_tokens': 0, 'audio_tokens': 0, 'reasoning_tokens': 0, 'rejected_prediction_tokens': 0}, 'prompt_tokens_details': {'audio_tokens': 0, 'cached_tokens': 0}}",2025-07-09 12:20:08
conv_20250709_c292f1a5,19,Classification,gpt-4o,openai,0,0.95,"[{""role"": ""system"", ""content"": ""[PROMPT:clasificadorprompt_v3.txt]""}, {""role"": ""user"", ""content"": ""{\""user_last_message\"": \""cual e sla politica de calidad segun iso?\"", \""bot_last_response\"": \""\"", \""second_to_last_interaction\"": \""User: Donde se encuentra el diagrama tortuga de la documentacion iso? | Bot: \"", \""third_to_last_interaction\"": \""User: que opinas de la tabla a3 de la documentacion iso' | Bot: \""}""}]","{""classification"": ""ISO"", ""confidence_score"": 0.95, ""inputs"": {""iso_question"": ""cual es la politica de calidad segun iso?""}, ""missing_inputs"": [], ""follow_up_prompt"": """"}","{'completion_tokens': 56, 'prompt_tokens': 5574, 'total_tokens': 5630, 'completion_tokens_details': {'accepted_prediction_tokens': 0, 'audio_tokens': 0, 'reasoning_tokens': 0, 'rejected_prediction_tokens': 0}, 'prompt_tokens_details': {'audio_tokens': 0, 'cached_tokens': 5376}}",2025-07-09 12:20:44
conv_20250709_c292f1a5,20,ISO Answer,gpt-4o-mini,openai,1,,"[{""role"": ""system"", ""content"": ""[PROMPT:isoprompt_v1.txt]""}, {""role"": ""user"", ""content"": ""cual es la politica de calidad segun iso?""}]","""La pol铆tica de calidad seg煤n ISO 9001 establece el compromiso de la organizaci贸n para satisfacer las necesidades y expectativas de los clientes, as铆 como para mejorar continuamente la eficacia del sistema de gesti贸n de la calidad. Esta pol铆tica debe ser documentada, comunicada y entendida dentro de la organizaci贸n. Implicaciones pr谩cticas para la empresa incluyen la necesidad de establecer objetivos claros de calidad, fomentar una cultura de mejora continua y asegurar que todos los empleados est茅n alineados con los objetivos de calidad.""","{'completion_tokens': 102, 'prompt_tokens': 410, 'total_tokens': 512, 'completion_tokens_details': {'accepted_prediction_tokens': 0, 'audio_tokens': 0, 'reasoning_tokens': 0, 'rejected_prediction_tokens': 0}, 'prompt_tokens_details': {'audio_tokens': 0, 'cached_tokens': 0}}",2025-07-09 12:20:46
conv_20250709_c292f1a5,22,Classification,gpt-4o,openai,0,0.95,"[{""role"": ""system"", ""content"": ""[PROMPT:clasificadorprompt_v3.txt]""}, {""role"": ""user"", ""content"": ""{\""user_last_message\"": \""cual es la politica de calidad de zell?\"", \""bot_last_response\"": \""\"", \""second_to_last_interaction\"": \""User: cual e sla politica de calidad segun iso? | Bot: \"", \""third_to_last_interaction\"": \""User: Donde se encuentra el diagrama tortuga de la documentacion iso? | Bot: \""}""}]","{""classification"": ""ISO"", ""confidence_score"": 0.95, ""inputs"": {""iso_question"": ""cual es la politica de calidad de zell?""}, ""missing_inputs"": [], ""follow_up_prompt"": """"}","{'completion_tokens': 56, 'prompt_tokens': 5570, 'total_tokens': 5626, 'completion_tokens_details': {'accepted_prediction_tokens': 0, 'audio_tokens': 0, 'reasoning_tokens': 0, 'rejected_prediction_tokens': 0}, 'prompt_tokens_details': {'audio_tokens': 0, 'cached_tokens': 5376}}",2025-07-09 12:21:21
conv_20250709_c292f1a5,23,ISO Answer,gpt-4o-mini,openai,1,,"[{""role"": ""system"", ""content"": ""[PROMPT:isoprompt_v1.txt]""}, {""role"": ""user"", ""content"": ""cual es la politica de calidad de zell?""}]","""No tengo informaci贸n espec铆fica sobre la pol铆tica de calidad de Zell. Te recomendar铆a consultar directamente con el departamento de calidad para obtener detalles precisos sobre este tema.""","{'completion_tokens': 38, 'prompt_tokens': 422, 'total_tokens': 460, 'completion_tokens_details': {'accepted_prediction_tokens': 0, 'audio_tokens': 0, 'reasoning_tokens': 0, 'rejected_prediction_tokens': 0}, 'prompt_tokens_details': {'audio_tokens': 0, 'cached_tokens': 0}}",2025-07-09 12:21:23
conv_20250709_7cac9412,1,Classification,gpt-4o,openai,0,0.95,"[{""role"": ""system"", ""content"": ""[PROMPT:clasificadorprompt_v3.txt]""}, {""role"": ""user"", ""content"": ""{\""user_last_message\"": \""cual es la politica de xalidad de zell??\"", \""bot_last_response\"": \""\"", \""second_to_last_interaction\"": \""User:  | Bot: \"", \""third_to_last_interaction\"": \""\""}""}]","{""classification"": ""ISO"", ""confidence_score"": 0.95, ""inputs"": {""iso_question"": ""cual es la politica de calidad de zell?""}, ""missing_inputs"": [], ""follow_up_prompt"": """"}","{'completion_tokens': 56, 'prompt_tokens': 5543, 'total_tokens': 5599, 'completion_tokens_details': {'accepted_prediction_tokens': 0, 'audio_tokens': 0, 'reasoning_tokens': 0, 'rejected_prediction_tokens': 0}, 'prompt_tokens_details': {'audio_tokens': 0, 'cached_tokens': 5376}}",2025-07-09 12:27:49
conv_20250709_7cac9412,2,ISO Answer,gpt-4o-mini,openai,1,,"[{""role"": ""system"", ""content"": ""[PROMPT:isoprompt_v1.txt]""}, {""role"": ""user"", ""content"": ""cual es la politica de calidad de zell?""}]","""La Pol铆tica de Calidad y Seguridad de la Informaci贸n de Corporativo Zell es la siguiente: 'En Corporativo Zell brindamos soporte y atenci贸n a los requerimientos relacionados con los esquemas de servicio de las herramientas Zell que contratan nuestros clientes, quienes proveen servicios financieros. Buscamos la satisfacci贸n de las partes interesadas, asegurando el cumplimiento de los requisitos que nos apliquen con el compromiso de preservar la confidencialidad, integridad y disponibilidad de la informaci贸n, protegi茅ndola de amenazas y mitigando los riesgos para asegurar la continuidad de los servicios y operaciones propios de Zell buscando maximizar el retorno de las inversiones, la mejora continua y la sostenibilidad de nuestras operaciones a trav茅s de personal capacitado.'""","{'completion_tokens': 152, 'prompt_tokens': 27785, 'total_tokens': 27937, 'completion_tokens_details': {'accepted_prediction_tokens': 0, 'audio_tokens': 0, 'reasoning_tokens': 0, 'rejected_prediction_tokens': 0}, 'prompt_tokens_details': {'audio_tokens': 0, 'cached_tokens': 0}}",2025-07-09 12:27:54
conv_20250709_7cac9412,4,Classification,gpt-4o,openai,0,0.9,"[{""role"": ""system"", ""content"": ""[PROMPT:clasificadorprompt_v3.txt]""}, {""role"": ""user"", ""content"": ""{\""user_last_message\"": \""cuales tickets hablan de migracion ISSTEY del a帽o 2024\"", \""bot_last_response\"": \""\"", \""second_to_last_interaction\"": \""User: cual es la politica de xalidad de zell?? | Bot: \"", \""third_to_last_interaction\"": \""User:  | Bot: \""}""}]","{""classification"": ""B煤squeda Sem谩ntica"", ""confidence_score"": 0.9, ""inputs"": {""user_question"": ""cuales tickets hablan de migracion ISSTEY del a帽o 2024"", ""search_query"": ""migracion ISSTEY 2024""}, ""missing_inputs"": [], ""follow_up_prompt"": """"}","{'completion_tokens': 82, 'prompt_tokens': 5562, 'total_tokens': 5644, 'completion_tokens_details': {'accepted_prediction_tokens': 0, 'audio_tokens': 0, 'reasoning_tokens': 0, 'rejected_prediction_tokens': 0}, 'prompt_tokens_details': {'audio_tokens': 0, 'cached_tokens': 5376}}",2025-07-09 12:28:18
conv_20250709_7cac9412,5,Semantic Classifier,gpt-4o,openai,0.0,0.89,"""cuales tickets hablan de migracion ISSTEY del a帽o 2024""","""{\""classification\"": \""B煤squeda Sem谩ntica con filtro\"", \""confidence_score\"": 0.89, \""inputs\"": {\""search_query\"": \""migracion ISSTEY\""}, \""missing_inputs\"": [], \""follow_up_prompt\"": \""\"", \""filters\"": [{\""filterkey\"": \""FechaCreado\"", \""filtervalue\"": {\""from\"": \""01/01/2024\"", \""to\"": \""01/01/2025\""}}]}""","{'completion_tokens': 87, 'prompt_tokens': 3335, 'total_tokens': 3422, 'completion_tokens_details': {'accepted_prediction_tokens': 0, 'audio_tokens': 0, 'reasoning_tokens': 0, 'rejected_prediction_tokens': 0}, 'prompt_tokens_details': {'audio_tokens': 0, 'cached_tokens': 0}}",2025-07-09 12:28:19
conv_20250709_7cac9412,5,Semantic Search,text-embedding-ada-002,openai,0.3,,"""cuales tickets hablan de migracion ISSTEY del a帽o 2024""",""" **Resultados sem谩nticos:**\n\n*IdTicket: 23977 | FechaCreado: 03/06/2024 | Resumen: Se realiz贸 la migraci贸n de 816 registros siguiendo las mismas condiciones que un requerimiento anterior. Tras la autorizaci贸n de la cotizaci贸n, se complet贸 la migraci贸n, se valid贸 en pruebas y se pas贸 a producci贸n, notificando al cliente y solicitando el pase a producci贸n en una hora espec铆fica. Se procedi贸 a la facturaci贸n del servicio.\n\n---\n\n*IdTicket: 24076 | FechaCreado: 04/04/2024 | Resumen: Se solicit贸 realizar la migraci贸n de 853 registros bajo las mismas condiciones de un requerimiento anterior. Tras validar la cotizaci贸n y recibir los documentos correspondientes, se integr贸 la migraci贸n en pruebas y posteriormente en producci贸n. Se factur贸 el servicio y se notific贸 al cliente.\n\n---\n\n*IdTicket: 24159 | FechaCreado: 04/23/2024 | Resumen: En el ticket 24159 se solicit贸 la migraci贸n de la cartera ISSTEY correspondiente al Segundo periodo de Mayo 2024. Tras la autorizaci贸n de la cotizaci贸n, pruebas y validaciones, se logr贸 la liberaci贸n en producci贸n y la correspondiente facturaci贸n por parte de Karla.\n\n---\n\n*IdTicket: 24222 | FechaCreado: 05/07/2024 | Resumen: Se solicit贸 la migraci贸n de 551 cr茅ditos ISSTEY para Mayo 2024. Tras autorizaci贸n del cliente, se realiz贸 la migraci贸n con 茅xito, pasando de pruebas a producci贸n sin inconvenientes y notificando al cliente. Se cerr贸 el ticket con la integraci贸n exitosa de la informaci贸n.\n\n---\n\n*IdTicket: 24280 | FechaCreado: 05/22/2024 | Resumen: Se realiz贸 la carga de migraci贸n ISSTEY correspondiente al segundo periodo de Mayo 2024, con 490 cr茅ditos. Tras la integraci贸n de los datos en pruebas y producci贸n, se notific贸 al cliente y se procedi贸 con la facturaci贸n del servicio.\n\n---\n\n*IdTicket: 24353 | FechaCreado: 06/07/2024 | Resumen: Se recibi贸 la solicitud de migrar a un servidor compartido, programando la migraci贸n en un viernes por la tarde para minimizar impactos en la operaci贸n. Tras realizar la migraci贸n sin incidentes, se cerr贸 el ticket al no presentar problemas posteriores a la migraci贸n.\n\n---\n\n*IdTicket: 24360 | FechaCreado: 06/10/2024 | Resumen: Se solicit贸 cargar la migraci贸n ISSTEY correspondiente al primer periodo de Junio 2024 con 507 cr茅ditos. Tras recibir autorizaci贸n, se realizaron las cargas correspondientes a pruebas y posteriormente a producci贸n. Se valid贸 la migraci贸n con el cliente en ambientes de prueba y producci贸n, cerrando el ticket tras confirmar la correcta migraci贸n y la facturaci贸n correspondiente.\n\n---\n\n*IdTicket: 24419 | FechaCreado: 06/24/2024 | Resumen: En este caso, se solicit贸 la migraci贸n de la cartera ISSTEY del segundo periodo, consistente en 675 cr茅ditos. Tras la validaci贸n del cliente y la integraci贸n en pruebas y producci贸n, se complet贸 con 茅xito la migraci贸n. Finalmente, se procedi贸 a la facturaci贸n del ticket.\n\n---\n\n*IdTicket: 24442 | FechaCreado: 06/27/2024 | Resumen: Se solicit贸 homologar el ambiente de TEST con Producci贸n del 2023 a la fecha, incluyendo todos los desarrollos actuales. Se cotiz贸 la actualizaci贸n en 20 unidades y se inform贸 al cliente. Se espera la liberaci贸n de 5 tickets a producci贸n para proceder con la solicitud.\n\n---\n\n*IdTicket: 24528 | FechaCreado: 07/12/2024 | Resumen: Se solicit贸 la migraci贸n de la cartera ISSTEY del primer periodo de Julio 2024, con 541 cr茅ditos. Tras enviar la cotizaci贸n, recibir la aprobaci贸n, y completar la migraci贸n a producci贸n, se notific贸 al cliente y se procedi贸 con la facturaci贸n correspondiente.\n\n---\n\n*IdTicket: 24591 | FechaCreado: 07/29/2024 | Resumen: Se solicit贸 la migraci贸n de ISSTEY del segundo periodo de Julio 2024, consistente en 648 cr茅ditos. Tras cargar la informaci贸n en pruebas, se detect贸 un error en el layout de cr茅ditos que fue corregido y validado por el cliente. Posteriormente, se liber贸 la migraci贸n a producci贸n y se procedi贸 con la facturaci贸n del servicio.\n\n---\n\n*IdTicket: 24743 | FechaCreado: 08/28/2024 | Resumen: Se inici贸 la migraci贸n a los nuevos servidores tras autorizar la cotizaci贸n en el ticket anterior. Tras varios intentos de confirmaci贸n de la opci贸n elegida y sin respuesta del cliente, se solicit贸 cancelar el proceso de migraci贸n, cerrando el ticket.""",token_usage,2025-07-09 12:28:20
conv_20250807_5b6462e0,1,Classification,gpt-4o,openai,0,0.92,"[{""role"": ""system"", ""content"": ""[PROMPT:clasificadorprompt_v3.txt]""}, {""role"": ""user"", ""content"": ""{\""user_last_message\"": \""Cuales tickets se levantaron desde que empezo agosto del 2025?\"", \""bot_last_response\"": \""\"", \""second_to_last_interaction\"": \""User:  | Bot: \"", \""third_to_last_interaction\"": \""\""}""}]","{""classification"": ""B煤squeda de Query"", ""confidence_score"": 0.92, ""inputs"": {""user_question"": ""Cuales tickets se levantaron desde que empezo agosto del 2025?""}, ""missing_inputs"": [], ""follow_up_prompt"": """"}","{'completion_tokens': 65, 'prompt_tokens': 5546, 'total_tokens': 5611, 'completion_tokens_details': {'accepted_prediction_tokens': 0, 'audio_tokens': 0, 'reasoning_tokens': 0, 'rejected_prediction_tokens': 0}, 'prompt_tokens_details': {'audio_tokens': 0, 'cached_tokens': 0}}",2025-08-07 17:44:56
conv_20250807_5b6462e0,1,SQL Generation,gpt-4o-mini,openai,0,,"[{""role"": ""system"", ""content"": ""[PROMPT:queryprompt_v1.txt]""}, {""role"": ""user"", ""content"": ""Cuales tickets se levantaron desde que empezo agosto del 2025?""}]","{""sql_query"": ""SELECT TOP 100 iError = 0, vError = '', vJsonType = 'Query', IdTicket, Cliente, Titulo, FechaCreado, DetectadoPor, Estatus FROM Tickets WHERE CONVERT(datetime, FechaCreado, 101) >= '08/01/2025' ORDER BY CONVERT(datetime, FechaCreado, 101) DESC"", ""mensaje"": ""Se muestran todos los tickets levantados desde el 1 de agosto de 2025.""}","{'completion_tokens': 108, 'prompt_tokens': 3205, 'total_tokens': 3313, 'completion_tokens_details': {'accepted_prediction_tokens': 0, 'audio_tokens': 0, 'reasoning_tokens': 0, 'rejected_prediction_tokens': 0}, 'prompt_tokens_details': {'audio_tokens': 0, 'cached_tokens': 0}}",2025-08-07 17:44:59
conv_20250807_5b6462e0,1,Result Analysis,gpt-4o-mini,openai,0.3,,"[{""role"": ""system"", ""content"": ""[PROMPT:analisisqueryprompt_v2.txt]""}, {""role"": ""user"", ""content"": ""[DATA]""}]","""Se han levantado **100+ tickets** desde que comenz贸 agosto de 2025. Aqu铆 est谩n los m谩s recientes:\n* IdTicket: 36266 | Cliente: GOC | Titulo: Modificar m茅todo zigCreditAmortization | Creado: 07/08/2025 | DetectadoPor: JOHANA | Estatus: Espera Informaci贸n\n* IdTicket: 36265 | Cliente: GOC | Titulo: Agregar columna a proceso csv carga reembolsos | Creado: 07/08/2025 | DetectadoPor: JOHANA | Estatus: An谩lisis del Ticket\n* IdTicket: 36264 | Cliente: DXN | Titulo: Actualizar Componente Genera PDF | Creado: 06/08/2025 | DetectadoPor: ALFREDO | Estatus: Estima Fecha Desarrollo\n* IdTicket: 36263 | Cliente: UCX | Titulo: Agregar columna importe de moratorios a reportes | Creado: 06/08/2025 | DetectadoPor: JOHANA | Estatus: Validaci贸n Cliente\n* IdTicket: 36262 | Cliente: UCX | Titulo: Cr茅ditos con reestructura sin pago liquidaci贸n 2 | Creado: 06/08/2025 | DetectadoPor: JOHANA | Estatus: Investigaci贸n\n* IdTicket: 36261 | Cliente: EXI | Titulo: z36261 - Observaciones WS aplicaci贸n pagos grupal | Creado: 06/08/2025 | DetectadoPor: JAVIER | Estatus: Validaci贸n Cliente\n* IdTicket: 36260 | Cliente: CFO | Titulo: Error en Proceso Detalle de Movimiento BI DIARIO | Creado: 06/08/2025 | DetectadoPor: CAROLINA | Estatus: Validaci贸n Cliente\n* IdTicket: 36259 | Cliente: DXT | Titulo: Error en Matriz de Riesgo: Convenio ISSTEY | Creado: 05/08/2025 | DetectadoPor: CAROLINA | Estatus: An谩lisis del Ticket\n* IdTicket: 36258 | Cliente: AYU | Titulo: Desarrollar API para checklist de la solicitud | Creado: 05/08/2025 | DetectadoPor: JOHANA | Estatus: Espera Informaci贸n\n* IdTicket: 36257 | Cliente: AYU | Titulo: Modificar reporte de estatus de solicitudes | Creado: 05/08/2025 | DetectadoPor: JOHANA | Estatus: Investigaci贸n""","{'completion_tokens': 553, 'prompt_tokens': 6106, 'total_tokens': 6659, 'completion_tokens_details': {'accepted_prediction_tokens': 0, 'audio_tokens': 0, 'reasoning_tokens': 0, 'rejected_prediction_tokens': 0}, 'prompt_tokens_details': {'audio_tokens': 0, 'cached_tokens': 0}}",2025-08-07 17:45:11
conv_20250807_5b6462e0,3,Classification,gpt-4o,openai,0,0.93,"[{""role"": ""system"", ""content"": ""[PROMPT:clasificadorprompt_v3.txt]""}, {""role"": ""user"", ""content"": ""{\""user_last_message\"": \""y de esos cuantos han sido levantados por JOHANA?\"", \""bot_last_response\"": \""\"", \""second_to_last_interaction\"": \""User: Cuales tickets se levantaron desde que empezo agosto del 2025? | Bot: \"", \""third_to_last_interaction\"": \""User:  | Bot: \""}""}]","{""classification"": ""Pregunta Continuada"", ""confidence_score"": 0.93, ""inputs"": {""context_active"": true, ""user_question"": ""y de esos cuantos han sido levantados por JOHANA?""}, ""missing_inputs"": [], ""follow_up_prompt"": """"}","{'completion_tokens': 66, 'prompt_tokens': 5563, 'total_tokens': 5629, 'completion_tokens_details': {'accepted_prediction_tokens': 0, 'audio_tokens': 0, 'reasoning_tokens': 0, 'rejected_prediction_tokens': 0}, 'prompt_tokens_details': {'audio_tokens': 0, 'cached_tokens': 5376}}",2025-08-07 17:45:43
conv_20250807_5b6462e0,5,Classification,gpt-4o,openai,0,0.92,"[{""role"": ""system"", ""content"": ""[PROMPT:clasificadorprompt_v3.txt]""}, {""role"": ""user"", ""content"": ""{\""user_last_message\"": \""NO, DEL TOTAL DE TICKETS, no del reusltado que muestra nada mas los mas recientes\"", \""bot_last_response\"": \""\"", \""second_to_last_interaction\"": \""User: y de esos cuantos han sido levantados por JOHANA? | Bot: \"", \""third_to_last_interaction\"": \""User: Cuales tickets se levantaron desde que empezo agosto del 2025? | Bot: \""}""}]","{""classification"": ""Pregunta Continuada"", ""confidence_score"": 0.92, ""inputs"": {""context_active"": true, ""user_question"": ""NO, DEL TOTAL DE TICKETS, no del resultado que muestra nada m谩s los m谩s recientes""}, ""missing_inputs"": [], ""follow_up_prompt"": """"}","{'completion_tokens': 74, 'prompt_tokens': 5585, 'total_tokens': 5659, 'completion_tokens_details': {'accepted_prediction_tokens': 0, 'audio_tokens': 0, 'reasoning_tokens': 0, 'rejected_prediction_tokens': 0}, 'prompt_tokens_details': {'audio_tokens': 0, 'cached_tokens': 0}}",2025-08-07 17:47:03
conv_20250807_5b6462e0,6,Classification,gpt-4o,openai,0,0.95,"[{""role"": ""system"", ""content"": ""[PROMPT:clasificadorprompt_v3.txt]""}, {""role"": ""user"", ""content"": ""{\""user_last_message\"": \""驴Cu谩ntos tickets totales han sido levantados desde agosto de 2025 por JOHANA, en lugar de solo los m谩s recientes?\"", \""bot_last_response\"": \""\"", \""second_to_last_interaction\"": \""User: NO, DEL TOTAL DE TICKETS, no del reusltado que muestra nada mas los mas recientes | Bot: \"", \""third_to_last_interaction\"": \""User: y de esos cuantos han sido levantados por JOHANA? | Bot: \"", \""reclassifi""}]","{""classification"": ""B煤squeda de Query"", ""confidence_score"": 0.95, ""inputs"": {""user_question"": ""驴Cu谩ntos tickets totales han sido levantados desde agosto de 2025 por JOHANA, en lugar de solo los m谩s recientes?""}, ""missing_inputs"": [], ""follow_up_prompt"": """"}","{'completion_tokens': 78, 'prompt_tokens': 5603, 'total_tokens': 5681, 'completion_tokens_details': {'accepted_prediction_tokens': 0, 'audio_tokens': 0, 'reasoning_tokens': 0, 'rejected_prediction_tokens': 0}, 'prompt_tokens_details': {'audio_tokens': 0, 'cached_tokens': 5376}}",2025-08-07 17:47:05
conv_20250807_5b6462e0,6,SQL Generation,gpt-4o-mini,openai,0,,"[{""role"": ""system"", ""content"": ""[PROMPT:queryprompt_v1.txt]""}, {""role"": ""user"", ""content"": ""驴Cu谩ntos tickets totales han sido levantados desde agosto de 2025 por JOHANA, en lugar de solo los m谩s recientes?""}]","{""sql_query"": ""SELECT TOP 100 iError = 0, vError = '', vJsonType = 'Query', COUNT(*) AS TotalTickets FROM Tickets WHERE DetectadoPor = 'JOHANA' AND CONVERT(datetime, FechaCreado, 101) >= '08/01/2025' ORDER BY CONVERT(datetime, FechaCreado, 101) DESC"", ""mensaje"": ""Se cuenta el total de tickets levantados por JOHANA desde agosto de 2025.""}","{'completion_tokens': 105, 'prompt_tokens': 3217, 'total_tokens': 3322, 'completion_tokens_details': {'accepted_prediction_tokens': 0, 'audio_tokens': 0, 'reasoning_tokens': 0, 'rejected_prediction_tokens': 0}, 'prompt_tokens_details': {'audio_tokens': 0, 'cached_tokens': 3072}}",2025-08-07 17:47:08
conv_20250918_d6641538,1,Classification,gpt-4o,openai,0,0.9,"[{""role"": ""system"", ""content"": ""[PROMPT:clasificadorprompt_v3.txt]""}, {""role"": ""user"", ""content"": ""{\""user_last_message\"": \""Hello, how are you?\"", \""bot_last_response\"": \""\"", \""second_to_last_interaction\"": \""User:  | Bot: \"", \""third_to_last_interaction\"": \""\""}""}]","{""classification"": ""No Relacionado"", ""confidence_score"": 0.9, ""inputs"": {}, ""missing_inputs"": [], ""follow_up_prompt"": ""隆Hola! 驴En qu茅 puedo ayudarte hoy?""}","{'completion_tokens': 50, 'prompt_tokens': 5536, 'total_tokens': 5586, 'completion_tokens_details': {'accepted_prediction_tokens': 0, 'audio_tokens': 0, 'reasoning_tokens': 0, 'rejected_prediction_tokens': 0}, 'prompt_tokens_details': {'audio_tokens': 0, 'cached_tokens': 0}}",2025-09-18 13:09:26
,1,SQL Generation,gpt-4o-mini,openai,0,,"[{""role"": ""system"", ""content"": ""[PROMPT:queryprompt_v1.txt]""}, {""role"": ""user"", ""content"": ""驴Cu谩ntos tickets se generaron en diciembre por Javier? Por favor lista los tickets con IdTicket, Cliente, Titulo, FechaCreado, DetectadoPor, Estatus.""}]","{""sql_query"": ""SELECT TOP 100 iError = 0, vError = '', vJsonType = 'Query', IdTicket, Cliente, Titulo, FechaCreado, DetectadoPor, Estatus FROM Tickets WHERE DetectadoPor = 'JAVIER' AND MONTH(CONVERT(datetime, FechaCreado, 101)) = 12 AND YEAR(CONVERT(datetime, FechaCreado, 101)) = 2025 ORDER BY CONVERT(datetime, FechaCreado, 101) DESC"", ""mensaje"": ""Se listan los tickets generados en diciembre de 2025 por JAVIER.""}","{'completion_tokens': 129, 'prompt_tokens': 3226, 'total_tokens': 3355, 'completion_tokens_details': {'accepted_prediction_tokens': 0, 'audio_tokens': 0, 'reasoning_tokens': 0, 'rejected_prediction_tokens': 0}, 'prompt_tokens_details': {'audio_tokens': 0, 'cached_tokens': 0}}",2026-01-05 17:20:53
test3,1,SQL Generation,gpt-5-mini,openai,0,,"[{""role"": ""system"", ""content"": ""[PROMPT:queryprompt_v1.txt]""}, {""role"": ""user"", ""content"": ""Tickets generados en diciembre por JAVIER (todos los a帽os). Mostrar lista con IdTicket, Cliente, Titulo, FechaCreado, DetectadoPor, Estatus.""}]","{""sql_query"": ""SELECT TOP 100 iError = 0, vError = '', vJsonType = 'Query', IdTicket, Cliente, Titulo, FechaCreado, DetectadoPor, Estatus FROM Tickets WHERE DetectadoPor = 'JAVIER' AND MONTH(CONVERT(datetime, FechaCreado, 101)) = 12 ORDER BY CONVERT(datetime, FechaCreado, 101) DESC"", ""mensaje"": ""Tickets creados en diciembre (cualquier a帽o) detectados por JAVIER""}",Not Provided,2026-01-05 17:46:20
test5,1,SQL Generation,gpt-5-mini,openai,0,,"[{""role"": ""system"", ""content"": ""[PROMPT:queryprompt_v1.txt]""}, {""role"": ""user"", ""content"": ""Tickets abiertos por Chelsea en diciembre de 2025 (mes completo). Mostrar lista de tickets con IdTicket, Cliente, Titulo, FechaCreado, DetectadoPor, Estatus. Filtrar FechaCreado entre 01/12/2025 y 31/12/2025. Ordenar por FechaCreado descendente.""}]","{""sql_query"": ""SELECT TOP 100 iError = 0, vError = '', vJsonType = 'Query', IdTicket, Cliente, Titulo, FechaCreado, DetectadoPor, Estatus FROM Tickets WHERE DetectadoPor = 'CHELSEA' AND Estatus = 'Abierto' AND CONVERT(datetime, FechaCreado, 101) BETWEEN CONVERT(datetime, '12/01/2025', 101) AND CONVERT(datetime, '12/31/2025', 101) ORDER BY CONVERT(datetime, FechaCreado, 101) DESC"", ""mensaje"": ""Tickets en estatus Abierto detectados por CHELSEA creados durante diciembre de 2025 (filtro aplicado entre 12/01/2025 y 12/31/2025, formato MM/dd/yyyy).""}",Not Provided,2026-01-05 17:58:07
test6,1,SQL Generation,gpt-5-mini,openai,0,,"[{""role"": ""system"", ""content"": ""[PROMPT:queryprompt_v1.txt]""}, {""role"": ""user"", ""content"": ""Tickets levantados por Chelsea en diciembre de 2025 (todos los estatus). Mostrar IdTicket, Cliente, Titulo, FechaCreado, DetectadoPor, Estatus. Ordenar por FechaCreado desc. Si m谩s de 25 resultados, mostrar top 25 m谩s recientes.""}]","{""sql_query"": ""SELECT TOP 100 iError = 0, vError = '', vJsonType = 'Query', IdTicket, Cliente, Titulo, FechaCreado, DetectadoPor, Estatus FROM Tickets WHERE DetectadoPor = 'CHELSEA' AND CONVERT(datetime, FechaCreado, 101) BETWEEN CONVERT(datetime, '12/01/2025', 101) AND CONVERT(datetime, '12/31/2025', 101) ORDER BY CONVERT(datetime, FechaCreado, 101) DESC"", ""mensaje"": ""Tickets levantados por CHELSEA en diciembre de 2025. Se muestran hasta 100 resultados ordenados por FechaCreado desc. Si desea limitar a los 25 mas recientes, indique que desea TOP 25.""}",Not Provided,2026-01-05 17:59:24
conv_1767659665778_87yecgawe,1,SQL Generation,gpt-5-mini,openai,0,,"[{""role"": ""system"", ""content"": ""[PROMPT:queryprompt_v1.txt]""}, {""role"": ""user"", ""content"": ""Tickets m谩s recientes de Chelsea; mostrar lista de tickets por cliente 'Chelsea' con IdTicket, Cliente, Titulo, FechaCreado, DetectadoPor, Estatus. Ordenar por FechaCreado desc. Top 25.""}]","{""sql_query"": ""SELECT TOP 25 iError = 0, vError = '', vJsonType = 'Query', IdTicket, Cliente, Titulo, FechaCreado, DetectadoPor, Estatus FROM Tickets WHERE DetectadoPor = 'CHELSEA' ORDER BY CONVERT(datetime, FechaCreado, 101) DESC"", ""mensaje"": ""Se muestran los 25 tickets m谩s recientes detectados por CHELSEA ordenados por FechaCreado descendente.""}",Not Provided,2026-01-05 18:35:07
conv_1767823854796_3fvgx9xok,1,SQL Generation,gpt-5-mini,openai,0,,"[{""role"": ""system"", ""content"": ""[PROMPT:queryprompt_v1.txt]""}, {""role"": ""user"", ""content"": ""Tickets abiertos desde 2026-01-05 hasta 2026-01-07 (inclusive) por Chelsea. Devuelve ID, t铆tulo, fecha de apertura, cliente, estatus y asignado.""}]","{""sql_query"": ""SELECT TOP 100 iError = 0, vError = '', vJsonType = 'Query', IdTicket, Titulo, FechaCreado, Cliente, Estatus, AsignadoA FROM Tickets WHERE DetectadoPor = 'CHELSEA' AND Estatus = 'Abierto' AND CONVERT(datetime, FechaCreado, 101) BETWEEN CONVERT(datetime, '01/05/2026', 101) AND CONVERT(datetime, '01/07/2026', 101) ORDER BY CONVERT(datetime, FechaCreado, 101) DESC"", ""mensaje"": ""Tickets con estatus Abierto creados entre 05/01/2026 y 07/01/2026 detectados por CHELSEA, mostrando Id, Titulo, FechaCreado, Cliente, Estatus y AsignadoA.""}",Not Provided,2026-01-07 16:12:13
conv_1767823854796_3fvgx9xok,2,SQL Generation,gpt-5-mini,openai,0,,"[{""role"": ""system"", ""content"": ""[PROMPT:queryprompt_v1.txt]""}, {""role"": ""user"", ""content"": ""Tickets creados (independientemente de estatus) desde 2026-01-05 hasta 2026-01-07 (inclusive) por Chelsea. Devuelve ID, t铆tulo, fecha de apertura, cliente, estatus y asignado.""}]","{""sql_query"": ""SELECT TOP 100 iError = 0, vError = '', vJsonType = 'Query', IdTicket, Cliente, Titulo, FechaCreado, DetectadoPor, Estatus, UPPER(LEFT(AsignadoA, CHARINDEX(' ', AsignadoA + ' ')-1)) AS AsignadoA FROM Tickets WHERE DetectadoPor = 'CHELSEA' AND CONVERT(datetime, FechaCreado, 101) >= CONVERT(datetime, '01/05/2026', 101) AND CONVERT(datetime, FechaCreado, 101) <= CONVERT(datetime, '01/07/2026', 101) ORDER BY CONVERT(datetime, FechaCreado, 101) DESC"", ""mensaje"": ""Tickets creados por CHELSEA entre 01/05/2026 y 01/07/2026 (inclusive). Se devuelven IdTicket, Cliente, Titulo, FechaCreado, DetectadoPor, Estatus y Asignado (primer nombre en mayusculas).""}",Not Provided,2026-01-07 16:12:39
conv_1767823854796_3fvgx9xok,3,SQL Generation,gpt-5-mini,openai,0,,"[{""role"": ""system"", ""content"": ""[PROMPT:queryprompt_v1.txt]""}, {""role"": ""user"", ""content"": ""Tickets creados (independientemente de estatus) desde 2026-01-05 hasta 2026-01-07 (inclusive) por Chelsea. Devuelve ID, t铆tulo, fecha de apertura, cliente, estatus y asignado.""}]","{""sql_query"": ""SELECT TOP 100 iError = 0, vError = '', vJsonType = 'Query', IdTicket, Titulo, FechaCreado, Cliente, Estatus, AsignadoA FROM Tickets WHERE DetectadoPor = 'CHELSEA' AND CONVERT(datetime, FechaCreado, 101) >= CONVERT(datetime, '01/05/2026', 101) AND CONVERT(datetime, FechaCreado, 101) <= CONVERT(datetime, '01/07/2026', 101) ORDER BY CONVERT(datetime, FechaCreado, 101) DESC"", ""mensaje"": ""Tickets creados por CHELSEA entre el 01/05/2026 y el 01/07/2026 (inclusive), mostrando Id, Titulo, FechaCreado, Cliente, Estatus y Asignado.""}",Not Provided,2026-01-07 16:13:08
conv_1767885076160_p4xtnsfu6,1,SQL Generation,gpt-5-mini,openai,0,,"[{""role"": ""system"", ""content"": ""[PROMPT:queryprompt_v1.txt]""}, {""role"": ""user"", ""content"": ""Mostrar tickets en estatus 'Abierto' creados entre 09/12/2025 y 08/01/2026 (煤ltimos 30 d铆as). Incluir IdTicket, Cliente, Titulo, FechaCreado, DetectadoPor, Estatus. Ordenar por FechaCreado desc.""}]","{""sql_query"": ""SELECT TOP 100 iError = 0, vError = '', vJsonType = 'Query', IdTicket, Cliente, Titulo, FechaCreado, DetectadoPor, Estatus FROM Tickets WHERE Estatus = 'Abierto' AND CONVERT(datetime, FechaCreado, 101) BETWEEN CONVERT(datetime, '12/09/2025', 101) AND CONVERT(datetime, '01/08/2026', 101) ORDER BY CONVERT(datetime, FechaCreado, 101) DESC"", ""mensaje"": ""Tickets en estatus Abierto creados entre 12/09/2025 y 01/08/2026 (se interpretaron las fechas en formato MM/dd/yyyy para cubrir los ultimos 30 dias hasta 01/08/2026).""}",Not Provided,2026-01-08 09:12:18
conv_1767885076160_p4xtnsfu6,2,SQL Generation,gpt-5-mini,openai,0,,"[{""role"": ""system"", ""content"": ""[PROMPT:queryprompt_v1.txt]""}, {""role"": ""user"", ""content"": ""Mostrar tickets creados (abiertos) entre 09/12/2025 y 08/01/2026 (煤ltimos 30 d铆as). Incluir IdTicket, Cliente, Titulo, FechaCreado, DetectadoPor, Estatus. Ordenar por FechaCreado desc.""}]","{""sql_query"": ""SELECT TOP 100 iError = 0, vError = '', vJsonType = 'Query', IdTicket, Cliente, Titulo, FechaCreado, DetectadoPor, Estatus FROM Tickets WHERE CONVERT(datetime, FechaCreado, 101) BETWEEN CONVERT(datetime, '09/12/2025', 101) AND CONVERT(datetime, '08/01/2026', 101) AND Estatus = 'Abierto' ORDER BY CONVERT(datetime, FechaCreado, 101) DESC"", ""mensaje"": ""Tickets en estatus Abierto creados entre 09/12/2025 y 08/01/2026, ordenados por FechaCreado descendente""}",Not Provided,2026-01-08 09:14:08
conv_1767885076160_p4xtnsfu6,3,SQL Generation,gpt-5-mini,openai,0,,"[{""role"": ""system"", ""content"": ""[PROMPT:queryprompt_v1.txt]""}, {""role"": ""user"", ""content"": ""Mostrar tickets creados entre 09/12/2025 y 08/01/2026 (煤ltimos 30 d铆as). Incluir IdTicket, Cliente, Titulo, FechaCreado, DetectadoPor, Estatus. Ordenar por FechaCreado desc. Sin filtrar por estatus.""}]","{""sql_query"": ""SELECT TOP 100 iError = 0, vError = '', vJsonType = 'Query', IdTicket, Cliente, Titulo, FechaCreado, DetectadoPor, Estatus FROM Tickets WHERE CONVERT(datetime, FechaCreado, 101) BETWEEN '12/09/2025' AND '01/08/2026' ORDER BY CONVERT(datetime, FechaCreado, 101) DESC"", ""mensaje"": ""Se muestran tickets creados entre 12/09/2025 y 01/08/2026 (converti las fechas al formato MM/dd/yyyy asumiendo que las ingresaste en dd/MM/yyyy para cubrir los ultimos 30 dias hasta 01/08/2026).""}",Not Provided,2026-01-08 09:14:37
conv_1767892745161_vxf2g90sx,1,SQL Generation,gpt-5-mini,openai,0,,"[{""role"": ""system"", ""content"": ""[PROMPT:queryprompt_v1.txt]""}, {""role"": ""user"", ""content"": ""驴Cu谩ntos tickets activos est谩n asignados a Johana?""}]","{""sql_query"": ""SELECT TOP 100 iError = 0, vError = '', vJsonType = 'Query', COUNT(*) AS TotalTickets FROM Tickets WHERE AsignadoA = 'JOHANA' AND Estatus NOT IN ('Cerrado', 'Facturado', 'Cancelado', 'Rechazado Zell', 'Pagado', 'Suspendido') ORDER BY CONVERT(datetime, FechaCreado, 101) DESC"", ""mensaje"": ""Cuenta los tickets activos (no en estatus final) que estan asignados a JOHANA.""}",Not Provided,2026-01-08 11:19:46
conv_1767892745161_vxf2g90sx,2,SQL Generation,gpt-5-mini,openai,0,,"[{""role"": ""system"", ""content"": ""[PROMPT:queryprompt_v1.txt]""}, {""role"": ""user"", ""content"": ""驴Cu谩ntos tickets activos fueron detectados/creados por Johana?""}]","{""sql_query"": ""SELECT TOP 100 iError = 0, vError = '', vJsonType = 'Query', COUNT(*) AS TotalTickets FROM Tickets WHERE DetectadoPor = 'JOHANA' AND Estatus NOT IN ('Cerrado', 'Facturado', 'Cancelado', 'Rechazado Zell', 'Pagado', 'Suspendido') ORDER BY CONVERT(datetime, FechaCreado, 101) DESC"", ""mensaje"": ""Cuenta total de tickets activos (no finalizados) que fueron detectados/creados por JOHANA""}",Not Provided,2026-01-08 11:19:57
conv_1767892745161_vxf2g90sx,3,SQL Generation,gpt-5-mini,openai,0,,"[{""role"": ""system"", ""content"": ""[PROMPT:queryprompt_v1.txt]""}, {""role"": ""user"", ""content"": ""驴Cu谩ntos tickets activos est谩n asignados a Johana?""}]","{""sql_query"": ""SELECT TOP 100 iError = 0, vError = '', vJsonType = 'Query', COUNT(*) AS TotalTickets FROM Tickets WHERE AsignadoA = 'JOHANA' AND Estatus NOT IN ('Cerrado','Facturado','Cancelado','Rechazado Zell','Pagado','Suspendido') ORDER BY CONVERT(datetime, FechaCreado, 101) DESC"", ""mensaje"": ""Cuenta el total de tickets activos asignados a JOHANA""}",Not Provided,2026-01-08 11:20:13
conv_1767892745161_vxf2g90sx,4,SQL Generation,gpt-5-mini,openai,0,,"[{""role"": ""system"", ""content"": ""[PROMPT:queryprompt_v1.txt]""}, {""role"": ""user"", ""content"": ""驴Cu谩ntos tickets activos fueron detectados/creados por Johana?""}]","{""sql_query"": ""SELECT TOP 100 iError = 0, vError = '', vJsonType = 'Query', COUNT(*) AS TotalTickets FROM Tickets WHERE DetectadoPor = 'JOHANA' AND Estatus NOT IN ('Cerrado', 'Facturado', 'Cancelado', 'Rechazado Zell', 'Pagado', 'Suspendido') ORDER BY CONVERT(datetime, FechaCreado, 101) DESC"", ""mensaje"": ""Cuenta el total de tickets activos (no finalizados) detectados/creados por JOHANA""}",Not Provided,2026-01-08 11:20:22
conv_1767892745161_vxf2g90sx,5,SQL Generation,gpt-5-mini,openai,0,,"[{""role"": ""system"", ""content"": ""[PROMPT:queryprompt_v1.txt]""}, {""role"": ""user"", ""content"": ""Se encontraron cu谩ntos tickets activos asignados a Johana? Por favor devuelve s贸lo el COUNT.""}]","{""sql_query"": ""SELECT TOP 100 iError = 0, vError = '', vJsonType = 'Query', COUNT(*) AS TotalTickets FROM Tickets WHERE AsignadoA = 'JOHANA' AND Estatus NOT IN ('Cerrado', 'Facturado', 'Cancelado', 'Rechazado Zell', 'Pagado', 'Suspendido') ORDER BY CONVERT(datetime, FechaCreado, 101) DESC"", ""mensaje"": ""Cuenta de tickets activos asignados a JOHANA""}",Not Provided,2026-01-08 11:20:38
conv_1767892745161_vxf2g90sx,6,SQL Generation,gpt-5-mini,openai,0,,"[{""role"": ""system"", ""content"": ""[PROMPT:queryprompt_v1.txt]""}, {""role"": ""user"", ""content"": ""Se encontraron cu谩ntos tickets activos detectados por Johana? Por favor devuelve s贸lo el COUNT.""}]","{""sql_query"": ""SELECT TOP 100 iError = 0, vError = '', vJsonType = 'Query', COUNT(*) AS TotalTickets FROM Tickets WHERE DetectadoPor = 'JOHANA' AND Estatus NOT IN ('Cerrado','Facturado','Cancelado','Rechazado Zell','Pagado','Suspendido') ORDER BY CONVERT(datetime, FechaCreado, 101) DESC"", ""mensaje"": ""Cuenta de tickets activos detectados por JOHANA""}",Not Provided,2026-01-08 11:20:46
conv_1767892745161_vxf2g90sx,7,SQL Generation,gpt-5-mini,openai,0,,"[{""role"": ""system"", ""content"": ""[PROMPT:queryprompt_v1.txt]""}, {""role"": ""user"", ""content"": ""Se encontraron cu谩ntos tickets activos (estatus no finalizados) fueron detectados/creados por Johanna? Devuelve s贸lo el COUNT.""}]","{""sql_query"": ""SELECT TOP 100 iError = 0, vError = '', vJsonType = 'Query', COUNT(*) AS TotalTickets FROM Tickets WHERE DetectadoPor = 'JOHANA' AND Estatus NOT IN ('Cerrado', 'Facturado', 'Cancelado', 'Rechazado Zell', 'Pagado', 'Suspendido') ORDER BY CONVERT(datetime, FechaCreado, 101) DESC"", ""mensaje"": ""Cuenta de tickets activos (no finalizados) detectados por JOHANA""}",Not Provided,2026-01-08 11:22:12
conv_1767892745161_vxf2g90sx,8,SQL Generation,gpt-5-mini,openai,0,,"[{""role"": ""system"", ""content"": ""[PROMPT:queryprompt_v1.txt]""}, {""role"": ""user"", ""content"": ""Se encontraron cu谩ntos tickets activos (estatus no finalizados) fueron detectados/creados por Johana? Devuelve s贸lo el COUNT.""}]","{""sql_query"": ""SELECT TOP 100 iError = 0, vError = '', vJsonType = 'Query', COUNT(*) AS TotalTickets FROM Tickets WHERE DetectadoPor = 'JOHANA' AND Estatus NOT IN ('Cerrado', 'Facturado', 'Cancelado', 'Rechazado Zell', 'Pagado', 'Suspendido') ORDER BY CONVERT(datetime, FechaCreado, 101) DESC"", ""mensaje"": ""Conteo de tickets activos (no finalizados) detectados/creados por JOHANA""}",Not Provided,2026-01-08 11:23:07
conv_1767892745161_vxf2g90sx,9,SQL Generation,gpt-5-mini,openai,0,,"[{""role"": ""system"", ""content"": ""[PROMPT:queryprompt_v1.txt]""}, {""role"": ""user"", ""content"": ""COUNT de tickets activos (estatus != 'Finalizado') detectados/creados por 'Johana'. Devuelve SOLO el n煤mero.""}]","{""sql_query"": ""SELECT TOP 100 iError = 0, vError = '', vJsonType = 'Query', COUNT(*) AS TotalTickets FROM Tickets WHERE DetectadoPor = 'JOHANA' AND Estatus NOT IN ('Cerrado', 'Facturado', 'Cancelado', 'Rechazado Zell', 'Pagado', 'Suspendido') ORDER BY CONVERT(datetime, FechaCreado, 101) DESC"", ""mensaje"": ""Cuenta de tickets activos (no en estatus final) detectados por JOHANA. El resultado devuelve la columna TotalTickets junto con los campos iError, vError y vJsonType requeridos.""}",Not Provided,2026-01-08 11:23:33
conv_1767892745161_vxf2g90sx,10,SQL Generation,gpt-5-mini,openai,0,,"[{""role"": ""system"", ""content"": ""[PROMPT:queryprompt_v1.txt]""}, {""role"": ""user"", ""content"": ""Listar los 25 tickets m谩s recientes de todo el sistema. Devuelve campos: IdTicket, Cliente, Titulo, FechaCreado, DetectadoPor, Estatus. Si hay m谩s de 25 resultados indica que se muestran los 25 m谩s recientes.""}]","{""sql_query"": ""SELECT TOP 25 iError = 0, vError = '', vJsonType = 'Query', IdTicket, Cliente, Titulo, FechaCreado, DetectadoPor, Estatus FROM Tickets ORDER BY CONVERT(datetime, FechaCreado, 101) DESC"", ""mensaje"": ""Se muestran los 25 tickets m谩s recientes del sistema. Si hay m谩s de 25 resultados, solo se devuelven los 25 m谩s recientes.""}",Not Provided,2026-01-08 11:26:42
docs_search:docs_org,,Embedding Generation,text-embedding-ada-002,openai,,,"[{""role"": ""user"", ""content"": ""reintentos domiciliaci贸n Zell reintentos domiciliacion proceso c贸mo hacer reintentos domiciliaci贸n""}]","{""status"": ""success"", ""dimension"": 1536}","{'prompt_tokens': 23, 'total_tokens': 23}",2026-01-08 12:06:52
docs_search:user_guides,,Embedding Generation,text-embedding-ada-002,openai,,,"[{""role"": ""user"", ""content"": ""reintentos domiciliaci贸n Zell c贸mo reintentos domiciliaci贸n sistema Zell gu铆a usuario reintentos domiciliacion""}]","{""status"": ""success"", ""dimension"": 1536}","{'prompt_tokens': 27, 'total_tokens': 27}",2026-01-08 12:07:47
conv_1767895604354_ungjr7qww,,Embedding Generation,text-embedding-ada-002,openai,,,"[{""role"": ""user"", ""content"": ""reintentos domiciliacion soluci贸n reintentos domiciliaci贸n workaround domiciliaci贸n""}]","{""status"": ""success"", ""dimension"": 1536}","{'prompt_tokens': 18, 'total_tokens': 18}",2026-01-08 12:13:06
docs_search:meetings_weekly,,Embedding Generation,text-embedding-ada-002,openai,,,"[{""role"": ""user"", ""content"": ""reintentos domiciliacion reuniones semanales reintentos domiciliaci贸n reuni贸n semanal domiciliaci贸n reintentos""}]","{""status"": ""success"", ""dimension"": 1536}","{'prompt_tokens': 26, 'total_tokens': 26}",2026-01-08 12:14:58
docs_search:docs_org,,Embedding Generation,text-embedding-ada-002,openai,,,"[{""role"": ""user"", ""content"": ""reintentos domiciliaci贸n Zell reintentos de domiciliaci贸n proceso reintentos domiciliacion""}]","{""status"": ""success"", ""dimension"": 1536}","{'prompt_tokens': 22, 'total_tokens': 22}",2026-01-08 12:27:03
docs_search:user_guides,,Embedding Generation,text-embedding-ada-002,openai,,,"[{""role"": ""user"", ""content"": ""reintentos domiciliaci贸n Zell""}]","{""status"": ""success"", ""dimension"": 1536}","{'prompt_tokens': 8, 'total_tokens': 8}",2026-01-08 12:34:52
conv_1767897284673_r10zinxkd,,Embedding Generation,text-embedding-ada-002,openai,,,"[{""role"": ""user"", ""content"": ""reintentos domiciliacion soluci贸n OR 'reintentos de domiciliaci贸n' OR 'reintento domiciliaci贸n' OR 'reintentos domiciliaci贸n'""}]","{""status"": ""success"", ""dimension"": 1536}","{'prompt_tokens': 36, 'total_tokens': 36}",2026-01-08 12:35:44
docs_search:meetings_weekly,,Embedding Generation,text-embedding-ada-002,openai,,,"[{""role"": ""user"", ""content"": ""reintentos domiciliacion""}]","{""status"": ""success"", ""dimension"": 1536}","{'prompt_tokens': 6, 'total_tokens': 6}",2026-01-08 12:36:55
docs_search:user_guides,,Embedding Generation,text-embedding-ada-002,openai,,,"[{""role"": ""user"", ""content"": ""lista de reintentos domiciliaci贸n crear lista de reintentos Domiciliaci贸n procedimiento c贸mo crear lista de reintentos""}]","{""status"": ""success"", ""dimension"": 1536}","{'prompt_tokens': 27, 'total_tokens': 27}",2026-01-08 13:32:53
docs_search:user_guides,,Embedding Generation,text-embedding-ada-002,openai,,,"[{""role"": ""user"", ""content"": ""pol铆ticas de autorizaci贸n de cr茅ditos configurar pol铆ticas autorizaci贸n cr茅ditos Zell configurar pol铆ticas de autorizaci贸n""}]","{""status"": ""success"", ""dimension"": 1536}","{'prompt_tokens': 26, 'total_tokens': 26}",2026-01-08 13:33:57
docs_search:user_guides,,Embedding Generation,text-embedding-ada-002,openai,,,"[{""role"": ""user"", ""content"": ""cambiar estatus cr茅dito cuando se aplica un pago estatus pago aplicado Cr茅dito estatus Cobranza pago actualizar estatus Zell""}]","{""status"": ""success"", ""dimension"": 1536}","{'prompt_tokens': 32, 'total_tokens': 32}",2026-01-08 13:34:48
docs_search:user_guides,,Embedding Generation,text-embedding-ada-002,openai,,,"[{""role"": ""user"", ""content"": ""cargar tabla de amortizaci贸n personalizada cargar tabla amortizacion personalizada Zell 'tabla de amortizaci贸n' 'amortizaci贸n personalizada'""}]","{""status"": ""success"", ""dimension"": 1536}","{'prompt_tokens': 29, 'total_tokens': 29}",2026-01-08 13:35:31
docs_search:user_guides,,Embedding Generation,text-embedding-ada-002,openai,,,"[{""role"": ""user"", ""content"": ""configurar documentos para descarga""}]","{""status"": ""success"", ""dimension"": 1536}","{'prompt_tokens': 6, 'total_tokens': 6}",2026-01-08 13:36:15
docs_search:user_guides,,Embedding Generation,text-embedding-ada-002,openai,,,"[{""role"": ""user"", ""content"": ""configurar pol铆ticas autorizaci贸n Pol铆ticas Aut Configuraci贸n pol铆ticas Cat谩logos Credito Pol铆ticas Aut.""}]","{""status"": ""success"", ""dimension"": 1536}","{'prompt_tokens': 27, 'total_tokens': 27}",2026-01-08 13:37:17
docs_search:user_guides,,Embedding Generation,text-embedding-ada-002,openai,,,"[{""role"": ""user"", ""content"": ""bot贸n Procesos domiciliaci贸n ubicaci贸n 'Procesos' Domiciliaci贸n bot贸n""}]","{""status"": ""success"", ""dimension"": 1536}","{'prompt_tokens': 21, 'total_tokens': 21}",2026-01-08 13:37:59
docs_search:user_guides,,Embedding Generation,text-embedding-ada-002,openai,,,"[{""role"": ""user"", ""content"": ""m贸dulo de tickets sistema Zell 'Tickets' m贸dulo gu铆a usuario ' Tickets '""}]","{""status"": ""success"", ""dimension"": 1536}","{'prompt_tokens': 20, 'total_tokens': 20}",2026-01-08 13:38:41
conv_1767901075300_r5je2vyte,,Embedding Generation,text-embedding-ada-002,openai,,,"[{""role"": ""user"", ""content"": ""configuraci贸n Email XML ticket 'Email' 'XML' 'configuraci贸n' 'correo' 'XML' 'config'""}]","{""status"": ""success"", ""dimension"": 1536}","{'prompt_tokens': 26, 'total_tokens': 26}",2026-01-08 13:39:23
docs_search:user_guides,,Embedding Generation,text-embedding-ada-002,openai,,,"[{""role"": ""user"", ""content"": ""Configuraci贸n Email XML doc 'Email y XML' 'Configuraci贸n Email' 'Configuraci贸n XML' 'Email y XML' Zell""}]","{""status"": ""success"", ""dimension"": 1536}","{'prompt_tokens': 30, 'total_tokens': 30}",2026-01-08 13:40:33
conv_1767901075300_r5je2vyte,7,SQL Generation,gpt-5-mini,openai,0,,"[{""role"": ""system"", ""content"": ""[PROMPT:queryprompt_v1.txt]""}, {""role"": ""user"", ""content"": ""Tickets del a帽o 2025 que mencionen 'migracion' o 'migraci贸n' y 'base de datos' (o 'migracion base de datos')  listar tickets con Id, Titulo, FechaCreado, DetectadoPor, Estatus.""}]","{""sql_query"": ""SELECT TOP 100 iError = 0, vError = '', vJsonType = 'Query', IdTicket, Titulo, FechaCreado, DetectadoPor, Estatus FROM Tickets WHERE CONVERT(datetime, FechaCreado, 101) BETWEEN CONVERT(datetime, '01/01/2025', 101) AND CONVERT(datetime, '12/31/2025', 101) AND ( (ISNULL(Titulo,'') + ' ' + ISNULL(Descripcion,'') + ' ' + ISNULL(Resumen,'') + ' ' + ISNULL(Etiquetas,'') + ' ' + ISNULL(UltimoComentario,'')) COLLATE SQL_Latin1_General_CP1_CI_AI LIKE '%migracion%' AND (ISNULL(Titulo,'') + ' ' + ISNULL(Descripcion,'') + ' ' + ISNULL(Resumen,'') + ' ' + ISNULL(Etiquetas,'') + ' ' + ISNULL(UltimoComentario,'')) COLLATE SQL_Latin1_General_CP1_CI_AI LIKE '%base de datos%') ORDER BY CONVERT(datetime, FechaCreado, 101) DESC"", ""mensaje"": ""Tickets del 2025 que mencionan migracion (con o sin acento) y base de datos en Titulo, Descripcion, Resumen, Etiquetas o UltimoComentario""}",Not Provided,2026-01-08 13:45:02
conv_1767901075300_r5je2vyte,,Embedding Generation,text-embedding-ada-002,openai,,,"[{""role"": ""user"", ""content"": ""migracion base de datos 2025 'migraci贸n' 'migracion base datos'""}]","{""status"": ""success"", ""dimension"": 1536}","{'prompt_tokens': 21, 'total_tokens': 21}",2026-01-08 13:45:14
docs_search:user_guides,,Embedding Generation,text-embedding-ada-002,openai,,,"[{""role"": ""user"", ""content"": ""reintentos de domiciliaci贸n""}]","{""status"": ""success"", ""dimension"": 1536}","{'prompt_tokens': 7, 'total_tokens': 7}",2026-01-08 16:40:33
docs_search:user_guides,,Embedding Generation,text-embedding-ada-002,openai,,,"[{""role"": ""user"", ""content"": ""reintentos de domiciliaci贸n""}]","{""status"": ""success"", ""dimension"": 1536}","{'prompt_tokens': 7, 'total_tokens': 7}",2026-01-08 16:43:26
docs_search:user_guides,,Embedding Generation,text-embedding-ada-002,openai,,,"[{""role"": ""user"", ""content"": ""reintentos de domiciliaci贸n pasos Zell reintentos domiciliaci贸n""}]","{""status"": ""success"", ""dimension"": 1536}","{'prompt_tokens': 17, 'total_tokens': 17}",2026-01-08 16:46:59
conv_1767912413169_1fwcoe9d8,,Embedding Generation,text-embedding-ada-002,openai,,,"[{""role"": ""user"", ""content"": ""reintentos domiciliaci贸n soluci贸n reintentos de domiciliacion""}]","{""status"": ""success"", ""dimension"": 1536}","{'prompt_tokens': 15, 'total_tokens': 15}",2026-01-08 16:48:48
docs_search:user_guides,,Embedding Generation,text-embedding-ada-002,openai,,,"[{""role"": ""user"", ""content"": ""reintentos de domiciliaci贸n en Zell""}]","{""status"": ""success"", ""dimension"": 1536}","{'prompt_tokens': 10, 'total_tokens': 10}",2026-01-08 16:50:32
conv_1767912624390_er6vpz1lo,,Embedding Generation,text-embedding-ada-002,openai,,,"[{""role"": ""user"", ""content"": ""reintentos domiciliaci贸n reintentos de domiciliacion domiciliacion reintentos proceso 'Reintentos' Domiciliaci贸n""}]","{""status"": ""success"", ""dimension"": 1536}","{'prompt_tokens': 29, 'total_tokens': 29}",2026-01-08 16:51:32
docs_search:meetings_weekly,,Embedding Generation,text-embedding-ada-002,openai,,,"[{""role"": ""user"", ""content"": ""reintentos domiciliaci贸n""}]","{""status"": ""success"", ""dimension"": 1536}","{'prompt_tokens': 6, 'total_tokens': 6}",2026-01-08 16:53:02
docs_search:user_guides,,Embedding Generation,text-embedding-ada-002,openai,,,"[{""role"": ""user"", ""content"": ""ingresar al m贸dulo de cobranza Domiciliaci贸n 'M贸dulo Cobranza' 'Domiciliaci贸n' 'Ingresar al m贸dulo de cobranza' gu铆a usuario""}]","{""status"": ""success"", ""dimension"": 1536}","{'prompt_tokens': 44, 'total_tokens': 44}",2026-01-08 16:56:08
docs_search:user_guides,,Embedding Generation,text-embedding-ada-002,openai,,,"[{""role"": ""user"", ""content"": ""reintentos de domiciliaci贸n en Zell""}]","{""status"": ""success"", ""dimension"": 1536}","{'prompt_tokens': 10, 'total_tokens': 10}",2026-01-08 16:58:03
conv_1767913076298_3l65py4v3,,Embedding Generation,text-embedding-ada-002,openai,,,"[{""role"": ""user"", ""content"": ""reintentos domiciliaci贸n soluci贸n OR reintentos domiciliacion solucion OR reintentos domiciliaci贸n reintentos domiciliacion \""reintentos\"" \""domiciliaci贸n\""""}]","{""status"": ""success"", ""dimension"": 1536}","{'prompt_tokens': 41, 'total_tokens': 41}",2026-01-08 16:59:20
docs_search:meetings_weekly,,Embedding Generation,text-embedding-ada-002,openai,,,"[{""role"": ""user"", ""content"": ""reintentos domiciliaci贸n reuniones semanales OR reintentos domiciliacion reuni贸n OR \""reintentos\"" \""domiciliaci贸n\""""}]","{""status"": ""success"", ""dimension"": 1536}","{'prompt_tokens': 31, 'total_tokens': 31}",2026-01-08 17:00:12
docs_search:user_guides,,Embedding Generation,text-embedding-ada-002,openai,,,"[{""role"": ""user"", ""content"": ""Reintentos de domiciliacion guia Zell OR reintentos domiciliaci贸n gu铆a Domiciliaci贸n \""Reintentos\""""}]","{""status"": ""success"", ""dimension"": 1536}","{'prompt_tokens': 29, 'total_tokens': 29}",2026-01-08 17:00:52
docs_search:meetings_weekly,,Embedding Generation,text-embedding-ada-002,openai,,,"[{""role"": ""user"", ""content"": ""2025-01-31 Minuta Reuni贸n Semanal 31/01/2025 asistentes""}]","{""status"": ""success"", ""dimension"": 1536}","{'prompt_tokens': 23, 'total_tokens': 23}",2026-01-08 17:07:21
docs_search:user_guides,,Embedding Generation,text-embedding-ada-002,openai,,,"[{""role"": ""user"", ""content"": ""reintentos de domiciliaci贸n""}]","{""status"": ""success"", ""dimension"": 1536}","{'prompt_tokens': 7, 'total_tokens': 7}",2026-01-08 17:11:41
conv_1767913896450_g1l6txjn0,,Embedding Generation,text-embedding-ada-002,openai,,,"[{""role"": ""user"", ""content"": ""reintentos de domiciliacion soluci贸n""}]","{""status"": ""success"", ""dimension"": 1536}","{'prompt_tokens': 9, 'total_tokens': 9}",2026-01-08 17:17:18
docs_search:meetings_weekly,,Embedding Generation,text-embedding-ada-002,openai,,,"[{""role"": ""user"", ""content"": ""reintentos de domiciliaci贸n domiciliacion reintentos reuni贸n semanal""}]","{""status"": ""success"", ""dimension"": 1536}","{'prompt_tokens': 17, 'total_tokens': 17}",2026-01-08 17:18:13
docs_search:user_guides,,Embedding Generation,text-embedding-ada-002,openai,,,"[{""role"": ""user"", ""content"": ""reintentos de domiciliacion guia site:user_guides""}]","{""status"": ""success"", ""dimension"": 1536}","{'prompt_tokens': 13, 'total_tokens': 13}",2026-01-08 17:19:01
docs_search:user_guides,,Embedding Generation,text-embedding-ada-002,openai,,,"[{""role"": ""user"", ""content"": ""reintentos de domiciliaci贸n en Zell""}]","{""status"": ""success"", ""dimension"": 1536}","{'prompt_tokens': 10, 'total_tokens': 10}",2026-01-08 17:32:19
conv_1767915132433_a5d9f1kvf,,Embedding Generation,text-embedding-ada-002,openai,,,"[{""role"": ""user"", ""content"": ""reintentos de domiciliacion reintentos domiciliaci贸n soluci贸n""}]","{""status"": ""success"", ""dimension"": 1536}","{'prompt_tokens': 15, 'total_tokens': 15}",2026-01-08 17:33:33
docs_search:meetings_weekly,,Embedding Generation,text-embedding-ada-002,openai,,,"[{""role"": ""user"", ""content"": ""reintentos de domiciliaci贸n""}]","{""status"": ""success"", ""dimension"": 1536}","{'prompt_tokens': 7, 'total_tokens': 7}",2026-01-08 17:34:43
docs_search:user_guides,,Embedding Generation,text-embedding-ada-002,openai,,,"[{""role"": ""user"", ""content"": ""Reintentos de domiciliacion gu铆a""}]","{""status"": ""success"", ""dimension"": 1536}","{'prompt_tokens': 9, 'total_tokens': 9}",2026-01-08 17:35:13
docs_search:user_guides,,Embedding Generation,text-embedding-ada-002,openai,,,"[{""role"": ""user"", ""content"": ""cargar tabla de amortizaci贸n personalizada""}]","{""status"": ""success"", ""dimension"": 1536}","{'prompt_tokens': 8, 'total_tokens': 8}",2026-01-08 18:06:20
docs_search:user_guides,,Embedding Generation,text-embedding-ada-002,openai,,,"[{""role"": ""user"", ""content"": ""cargar tabla de amortizacion personalizada""}]","{""status"": ""success"", ""dimension"": 1536}","{'prompt_tokens': 8, 'total_tokens': 8}",2026-01-08 18:55:59
docs_search:user_guides,,Embedding Generation,text-embedding-ada-002,openai,,,"[{""role"": ""user"", ""content"": ""cargar tabla de amortizacion personalizada""}]","{""status"": ""success"", ""dimension"": 1536}","{'prompt_tokens': 8, 'total_tokens': 8}",2026-01-09 09:55:24
docs_search:user_guides,,Embedding Generation,text-embedding-ada-002,openai,,,"[{""role"": ""user"", ""content"": ""cargar tabla de amortizacion personalizada""}]","{""status"": ""success"", ""dimension"": 1536}","{'prompt_tokens': 8, 'total_tokens': 8}",2026-01-09 09:58:46
docs_search:user_guides,,Embedding Generation,text-embedding-ada-002,openai,,,"[{""role"": ""user"", ""content"": ""tabla de amortizaci贸n personalizada cargar amortizacion personalizada Zell""}]","{""status"": ""success"", ""dimension"": 1536}","{'prompt_tokens': 13, 'total_tokens': 13}",2026-01-09 09:58:47
docs_search:user_guides,,Embedding Generation,text-embedding-ada-002,openai,,,"[{""role"": ""user"", ""content"": ""cargar tabla de amortizaci贸n personalizada""}]","{""status"": ""success"", ""dimension"": 1536}","{'prompt_tokens': 8, 'total_tokens': 8}",2026-01-09 10:44:44
