timestamp,userName,conversation_id,user_message,response,response_id,rounds_used,had_previous_context,extra_info
2026-01-05 13:51:54,Santiago,test1,"Busca en tickets si se menciona el problema 'reportaron que en reporte de  grado de riesgo, en la columna vPEP y vBLOCKED aparecen todos los registros  como pep, aunque no lo son.'","Encontré tickets que coinciden con ese problema. Resumen corto (top 2):

- Ticket 24948 — ""Reporte de grado de riesgo de los clientes""
  - Por qué coincide: comentario de pruebas indica que ""etvPEP"" y ""etvBlocked"" aparecen con ""SI"" para todos los registros aunque no tengan coincidencias en listas ni estén en el catálogo de sujetos.
  - Evidencia (citas):
    - ""para todos los registros aparecen las columnas etvPEP y etvBlocked con opción SI, pero no tienen registros en listas.""
    - ""Además, ejecuté la matriz de riesgo y no se visualiza el resultado en la última columna (etvOpRisk).""

- Ticket 35700 — ""Columna nivel de grado de riesgo en reporte""
  - Por qué coincide: cliente reportó solicitudes marcadas como PEP/PEP variable en el reporte; equipo detectó que había una configuración/matriz incorrecta y que la columna PEP no funciona con base en un dato variable.
  - Evidencia (citas):
    - ""El cliente mandó correo que los usuarios los tenia marcados como PEP, pero al buscarlos en el ",resp_05232ecab4a6230300695c1650834c8195ba102510c8103d92,4,No,Success
2026-01-05 13:54:15,Santiago,test1,Busca tambien lo mismo en reuniones semanales,"Resumen (reuniones semanales):

- 2025-07-04 | Tema #2 — Problema: en GOC reportaron que en el reporte de grado de riesgo las columnas vPEP (y vBLOCKED/etvPEP/etvBlocked en tickets relacionados) estaban marcando registros como PEP aunque no lo eran; además se detectó un caso de PEP basado en dato variable.  
  Solución/acuerdo: con ayuda de Paco se corrigió la configuración; quedó pendiente seguimiento del cliente afectado.

Evidencia (Minuta 2025-07-04):
- ""En GOC reportaron que en reporte de grado de riesgo, en la columna vPEP y""  
- ""Con ayuda de Paco se corrigió, pero adicional reportaron que había un cliente""

¿Deseas que busque la acción/seguimiento asignado en esa minuta o que extraiga los nombres (iniciales) de los responsables para dar seguimiento?",resp_05232ecab4a6230300695c16db7f8c8195b8288773ba3c5aa4,5,Yes,Success
2026-01-05 17:46:47,Santiago,test3,que tickets se generaron en diciembre por JAVIER?,"Se encontraron 100 tickets generados en diciembre detectados por JAVIER. Mostrando top 25 más recientes:

1) Id: 36814 | Cliente: EXI | Título: Fechas de primer pago vencidos | Fecha: 23/12/2025 | DetectadoPor: JAVIER | Estatus: Validacion Cliente  
2) Id: 36815 | Cliente: CRZ | Título: Eventos para contabilizar pagos a vendedores | Fecha: 23/12/2025 | DetectadoPor: JAVIER | Estatus: Espera Información  
3) Id: 36816 | Cliente: CRZ | Título: Módulo de promotor externo 2da fase | Fecha: 23/12/2025 | DetectadoPor: JAVIER | Estatus: Cancelado  
4) Id: 36817 | Cliente: CRQ | Título: Acompañamiento PLD | Fecha: 23/12/2025 | DetectadoPor: JAVIER | Estatus: Facturación Parcial  
5) Id: 36821 | Cliente: EXI | Título: Modificar maestro de solicitudes | Fecha: 23/12/2025 | DetectadoPor: JAVIER | Estatus: Por Cotizar  
6) Id: 36800 | Cliente: EXI | Título: Doble dispersión pago a proveedor solicitud 304565 | Fecha: 19/12/2025 | DetectadoPor: JAVIER | Estatus: Cerrado  
7) Id: 36798 | Cliente: EXI",resp_0138c7442e78a5af00695c4d4d928481939d44a28f3abbda5d,2,No,Success
2026-01-05 17:49:25,Santiago,test3,traeme el ticket 36816,"Busqué el ticket y lo recuperé. Detalle:

- Id: 36816  
- Cliente: CRZ  
- Título: Módulo de promotor externo 2da fase  
- Fecha creado: 23/12/2025  
- Detectado por: JAVIER  
- Estatus: Cancelado

Descripción (resumen): requerimiento para ruta/módulo de promotor externo con etapas, bitácora de devoluciones y log de cambios; alta automática en catálogo de promotores y reglas de id/duplicados/alineación con catálogo de personas.

Evidencia (extractos):
- ""Se debe tener una ruta para el módulo de promotor externo tal cual, como la ruta de solicitudes, en la cual se pueda asignar varias etapas...""  
- Comentario (01/05/2026, JAVIER MORA): ""Se modificará alcance, daré de alta nuevo ticket con el nuevo requerimiento.""

¿Quieres que abra el ticket en la UI, exporte los comentarios completos o cree el nuevo ticket con el alcance modificado?",resp_0138c7442e78a5af00695c4dfa1ff8819397f6c7eb00ea43cc,3,Yes,Success
2026-01-06 18:36:36,Usuario Test,conv_1767744808084_3cky8vq2r,pero fijate en el proced. de solciitud de atencion que ahi viene cmo hacer un ticket que despues de categoria te faltaron varias cosas,Se alcanzó límite de pasos internos (tool loop).,resp_0f741248231fdb2700695daa88fe548193a51b8d4927be0697,6,Yes,Max rounds reached
2026-01-06 18:38:56,Usuario Test,conv_1767746310439_bpbju6rdg,"hola fijate en el proced. de atencion al cliente y dame TODOS los pasos para hacer un ticket, hazlo para el ticket 17532, los campos que te falten inventalos pero llena todos a como indica el proced. de solicitud de atencion al cliente",Se alcanzó límite de pasos internos (tool loop).,resp_05e89b18cabdeb6800695dab1d164c819488d90cd08d38a1f2,6,No,Max rounds reached
2026-01-06 18:44:12,Usuario Test,conv_1767746310439_bpbju6rdg,"ve por el ticket 17532, revisa en el procedimiento de solicitud de atención al cliente como se hace un ticket (TODOS LOS PASOS) y dame un ticket completo basado en el que ya encontraste. Es una prueba debes poder hacer el ticket inventate los datos de los campos que no tengas pero incluye todos los campos correctos","He obtenido el ticket solicitado (17532) y revisé el procedimiento interno P-OPR-01 para registrar solicitudes de atención. Abajo tienes: 1) resumen rápido del ticket encontrado, 2) los pasos (según el procedimiento) para crear un ticket (TODOS los pasos relevantes extraídos del P-OPR-01) y 3) un ticket completo de prueba, construido a partir del 17532 con datos inventados cuando faltaron campos (marcados como ficticios).

1) Ticket encontrado (evidencia)
- ID: 17532 — Título: MIGRACION — Cliente: DXT.  
  Por qué coincide: ticket relacionado con migración de bases de datos, múltiples comentarios y solicitudes de carga/validación de vencimientos y movimientos (mismo contexto que se busca). (Se recuperaron comentarios del ticket: 11/02/2020 – 12/31/2020).  

Evidencia del procedimiento consultado:
- Documento: Procedimiento de Solicitud de atención  
- Código: P-OPR-01 | Emisión: 2025-02-19 | Rev: 8 | Estatus: ACTIVO.

2) Pasos para crear un ticket (según P-OPR-01) — resumen operativo (",resp_0aef3305338b651e00695dac2beed8819096126a756db7ca97,4,Yes,Success
2026-01-06 18:54:10,Usuario Test,conv_1767746310439_bpbju6rdg,ahorita traeme la paridad peso mxn dolar del momento,"Voy a la web y te doy la paridad al momento.

Consulta realizada el 07/01/2026. Fuentes web:

- Banxico (FIX — oficial): ~17.89 MXN por USD (cifra publicada por Banxico / reportada por fuentes financieras). ([pesomxn.com](https://www.pesomxn.com/en/dollar-to-peso/banco-de-mexico-fix?utm_source=openai))  
- Mid-market / proveedores (referencia en línea): entre 17.91 y 18.01 MXN por USD (ej.: CurrencyLive 17.913; Wise 17.99). ([currencylive.com](https://currencylive.com/exchange-rate/usd-to-mxn-exchange-rate-today/?utm_source=openai))

Notas:
- Las cifras varían según la fuente y la hora; Banxico publica el FIX diario (uso legal/oficial para obligaciones). Para transferencias o ventanilla, el banco/proveedor aplicará su propia tasa (spread).  
- ¿Quieres que te traiga la tasa exacta de un banco específico (BBVA, Banorte, Citibanamex) o que registre la cotización en el ticket?",resp_0aef3305338b651e00695dae8e5d2881908046638d0f45ece4,1,Yes,Success
2026-01-06 18:55:06,Usuario Test,conv_1767746310439_bpbju6rdg,como se llama mi abuela,"No tengo acceso a tus datos personales ni a registros privados, así que no sé cómo se llama tu abuela.

Si quieres averiguarlo, te puedo ayudar con opciones prácticas:
- Preguntar a familiares directos (padres, tíos, primos) — puedo redactar un mensaje corto para enviarlo por WhatsApp/Correo.  
- Revisar documentos familiares: actas de nacimiento, matrimonio, tarjetas familiares, álbumes de fotos con anotaciones.  
- Buscar en redes sociales (Facebook, Instagram) o en archivos familiares digitales.  
- Consultar registros civiles o servicios de genealogía (Ancestry, MyHeritage) — puedo sugerir cómo buscarlos o qué datos solicitar.  

Dime cuál opción prefieres y te ayudo (por ejemplo: redacto el mensaje para preguntar a un pariente o te doy una lista de pasos para buscar en documentos).",resp_0aef3305338b651e00695daedd75f88190a9aba54053fa0993,1,Yes,Success
2026-01-07 11:07:30,Usuario Test,conv_1767805646155_5jfn451wi,hola,¡Hola! ¿En qué te puedo ayudar hoy?,resp_0613ad80d758c23600695e92cfa0c481968bc4c43415fbcf32,1,No,Success
