conversation_id,interaction_id,action,context_data,timestamp
conv_20250709_c292f1a5,,Initialized,"{""active_tool"": null, ""history"": [], ""interaction_id"": 0, ""last_activity"": 1752085038.1874542}",2025-07-09 12:17:18
conv_20250709_c292f1a5,1,SetUserInfo,"{""user_info"": ""fsdf""}",2025-07-09 12:17:18
conv_20250709_c292f1a5,2,SetUserInfo,"{""user_info"": ""fsdf""}",2025-07-09 12:17:35
conv_20250709_c292f1a5,3,SetUserInfo,"{""user_info"": ""fsdf""}",2025-07-09 12:18:18
conv_20250709_c292f1a5,6,Updated,"{""usersinput"": ""cual es el ticket 9?"", ""systemoutput"": ""Aqu铆 est谩 toda la informaci贸n del ticket 9:\n\n    * IdTicket: 9 | Cliente: IC | Titulo: A10-Aplicacion de reestructuras | Descripcion: Aplicacion de reestructuras-Se platic贸 con Karla Reyes acerca de este requerimiento y me coment贸 que este desarrollo ya no lo tiene como pendiente. Se da por cerrado el 26/03/2018 | Objetivo: Aplicacion de reestructuras | FechaCreado: 11/01/2018 | HoraCreado: 5:41PM | DetectadoPor: Juan | Asignado A: Juan | Contacto: No especificado | Categoria: Req Desarrollo | Prioridad: Otros | Modulo: No especificado | Estatus: Cerrado | FechaEstatus: 11/01/2018 | HoraEstatus: 5:41PM | Unidades: 0 | Costo: 0.0 | Calificacion: 0 | FechaEntrega: No especificada | Resumen: No especificado | Etiquetas: No especificadas | UltimoComentario: // Email - Notificaci贸n de Conclusi贸n - Encuesta | FechaUltimoComentario: 22/09/2021 | HoraUltimoComentario: 3:32PM | DiasDelTicket: 0 | DiasEnEstatus: 2736 | DiasParaCambiar: 0"", ""datautilized"": {""ticket_data"": {""IdTicket"": 9, ""Cliente"": ""IC"", ""Titulo"": ""A10-Aplicacion de reestructuras"", ""Descripcion"": ""Aplicacion de reestructuras-Se platic贸 con Karla Reyes acerca de este requerimiento y me coment贸 que este desarrollo ya no lo tiene como pendiente.Se da por cerrado el 26/03/2018"", ""Objetivo"": ""Aplicacion de reestructuras"", ""FechaCreado"": ""01/11/2018"", ""HoraCreado"": ""  5:41PM"", ""DetectadoPor"": ""JUAN"", ""AsignadoA"": ""JUAN"", ""Contacto"": null, ""Categoria"": ""Req Desarrollo"", ""Prioridad"": ""Otros"", ""Modulo"": """", ""Estatus"": ""Cerrado"", ""FechaEstatus"": ""01/11/2018"", ""HoraEstatus"": ""  5:41PM"", ""Unidades"": 0, ""Costo"": 0.0, ""Calificacion"": 0, ""FechaEntrega"": """", ""Resumen"": """", ""Etiquetas"": """", ""UltimoComentario"": ""// Email - Notificaci贸n de Conclusi贸n - Encuesta "", ""FechaUltimoComentario"": ""09/22/2021"", ""HoraUltimoComentario"": ""  3:32PM"", ""DiasDelTicket"": 0, ""DiasEnEstatus"": ""2736"", ""DiasParaCambiar"": ""0"", ""ticket_id"": 9}}}",2025-07-09 12:18:27
conv_20250709_c292f1a5,7,SetUserInfo,"{""user_info"": ""fsdf""}",2025-07-09 12:18:49
conv_20250709_c292f1a5,10,Updated,"{""usersinput"": ""cual es el titulo del ticket 25000?"", ""systemoutput"": ""El t铆tulo del ticket 25000 es: Eliminar cr茅ditos de solicitudes duplicadas."", ""datautilized"": {""ticket_data"": {""IdTicket"": 25000, ""Cliente"": ""UCX"", ""Titulo"": ""Eliminar cr茅ditos de solicitudes duplicadas"", ""Descripcion"": ""Piden les apoyemos a eliminar cr茅ditos que fueron originados por solicitudes duplicadas:\n\nId Solicitud\tId Credito\n215697\t151674\n216125\t152065\n216291\t152171\n216527\t152413\n217232\t152926\n216926\t152940\n217704\t153201\n217847\t153253\n217580\t153272\n"", ""Objetivo"": """", ""FechaCreado"": ""10/23/2024"", ""HoraCreado"": ""  1:11PM"", ""DetectadoPor"": ""JAVIER"", ""AsignadoA"": ""JAVIER"", ""Contacto"": ""EDIEE  LOPEZ"", ""Categoria"": ""Falla Sistema"", ""Prioridad"": ""Otros"", ""Modulo"": ""Cartera"", ""Estatus"": ""Cerrado"", ""FechaEstatus"": ""11/07/2024"", ""HoraEstatus"": "" 10:31AM"", ""Unidades"": 0, ""Costo"": 0.0, ""Calificacion"": 100, ""FechaEntrega"": """", ""Resumen"": ""En este ticket se solicit贸 ayuda para eliminar cr茅ditos originados por solicitudes duplicadas. Ante la imposibilidad de eliminar los cr茅ditos, se acord贸 cancelarlos y marcar las solicitudes como \""Aperturadas\"" nuevamente. Tras realizar los ajustes necesarios, se confirm贸 la correcci贸n y se cerr贸 el ticket."", ""Etiquetas"": ""eliminar cr茅ditos duplicados"", ""UltimoComentario"": ""// Email - Notificaci贸n de Conclusi贸n - Encuesta "", ""FechaUltimoComentario"": ""11/07/2024"", ""HoraUltimoComentario"": "" 10:31AM"", ""DiasDelTicket"": 15, ""DiasEnEstatus"": ""244"", ""DiasParaCambiar"": ""0"", ""ticket_id"": 25000}}}",2025-07-09 12:18:54
conv_20250709_c292f1a5,11,SetUserInfo,"{""user_info"": ""fsdf""}",2025-07-09 12:18:59
conv_20250709_c292f1a5,12,Reset,"{""previous_tool"": ""Consulta de Tickets"", ""new_tool"": ""Pregunta Continuada""}",2025-07-09 12:19:05
conv_20250709_c292f1a5,12,Updated,"{""usersinput"": ""y su descripcion?"", ""systemoutput"": ""La descripci贸n del ticket 25000 es: 'Piden les apoyemos a eliminar cr茅ditos que fueron originados por solicitudes duplicadas: Id Solicitud\tId Credito\n215697\t151674\n216125\t152065\n216291\t152171\n216527\t152413\n217232\t152926\n216926\t152940\n217704\t153201\n217847\t153253\n217580\t153272\n'."", ""datautilized"": null}",2025-07-09 12:19:05
conv_20250709_c292f1a5,13,SetUserInfo,"{""user_info"": ""fsdf""}",2025-07-09 12:19:19
conv_20250709_c292f1a5,15,Updated,"{""usersinput"": ""que opinas de la tabla a3 de la documentacion iso"", ""systemoutput"": ""No tengo informaci贸n espec铆fica sobre la tabla A3 de la documentaci贸n ISO. Te recomendar铆a consultar directamente con el departamento de calidad para obtener aclaraciones precisas sobre este tema."", ""datautilized"": null}",2025-07-09 12:19:22
conv_20250709_c292f1a5,16,SetUserInfo,"{""user_info"": ""fsdf""}",2025-07-09 12:20:06
conv_20250709_c292f1a5,18,Updated,"{""usersinput"": ""Donde se encuentra el diagrama tortuga de la documentacion iso?"", ""systemoutput"": ""No tengo informaci贸n espec铆fica sobre la ubicaci贸n del diagrama tortuga en la documentaci贸n ISO. Te recomendar铆a consultar directamente con el departamento de calidad para obtener aclaraciones precisas sobre este tema."", ""datautilized"": null}",2025-07-09 12:20:08
conv_20250709_c292f1a5,19,SetUserInfo,"{""user_info"": ""fsdf""}",2025-07-09 12:20:42
conv_20250709_c292f1a5,21,Updated,"{""usersinput"": ""cual es la politica de calidad segun iso?"", ""systemoutput"": ""La pol铆tica de calidad seg煤n ISO 9001 establece el compromiso de la organizaci贸n para satisfacer las necesidades y expectativas de los clientes, as铆 como para mejorar continuamente la eficacia del sistema de gesti贸n de la calidad. Esta pol铆tica debe ser documentada, comunicada y entendida dentro de la organizaci贸n. Implicaciones pr谩cticas para la empresa incluyen la necesidad de establecer objetivos claros de calidad, fomentar una cultura de mejora continua y asegurar que todos los empleados est茅n alineados con los objetivos de calidad."", ""datautilized"": null}",2025-07-09 12:20:46
conv_20250709_c292f1a5,22,SetUserInfo,"{""user_info"": ""fsdf""}",2025-07-09 12:21:20
conv_20250709_c292f1a5,24,Updated,"{""usersinput"": ""cual es la politica de calidad de zell?"", ""systemoutput"": ""No tengo informaci贸n espec铆fica sobre la pol铆tica de calidad de Zell. Te recomendar铆a consultar directamente con el departamento de calidad para obtener detalles precisos sobre este tema."", ""datautilized"": null}",2025-07-09 12:21:23
conv_20250709_7cac9412,,Initialized,"{""active_tool"": null, ""history"": [], ""interaction_id"": 0, ""last_activity"": 1752085667.8855271}",2025-07-09 12:27:47
conv_20250709_7cac9412,1,SetUserInfo,"{""user_info"": ""fsdf""}",2025-07-09 12:27:47
conv_20250709_7cac9412,3,Updated,"{""usersinput"": ""cual es la politica de calidad de zell?"", ""systemoutput"": ""La Pol铆tica de Calidad y Seguridad de la Informaci贸n de Corporativo Zell es la siguiente: 'En Corporativo Zell brindamos soporte y atenci贸n a los requerimientos relacionados con los esquemas de servicio de las herramientas Zell que contratan nuestros clientes, quienes proveen servicios financieros. Buscamos la satisfacci贸n de las partes interesadas, asegurando el cumplimiento de los requisitos que nos apliquen con el compromiso de preservar la confidencialidad, integridad y disponibilidad de la informaci贸n, protegi茅ndola de amenazas y mitigando los riesgos para asegurar la continuidad de los servicios y operaciones propios de Zell buscando maximizar el retorno de las inversiones, la mejora continua y la sostenibilidad de nuestras operaciones a trav茅s de personal capacitado.'"", ""datautilized"": null}",2025-07-09 12:27:54
conv_20250709_7cac9412,4,SetUserInfo,"{""user_info"": ""fsdf""}",2025-07-09 12:28:16
conv_20250709_7cac9412,6,Reset,"{""previous_tool"": ""ISO"", ""new_tool"": ""B煤squeda Sem谩ntica con filtro""}",2025-07-09 12:28:20
conv_20250709_7cac9412,6,Updated,"{""usersinput"": ""cuales tickets hablan de migracion ISSTEY del a帽o 2024"", ""systemoutput"": "" **Resultados sem谩nticos:**\n\n*IdTicket: 23977 | FechaCreado: 03/06/2024 | Resumen: Se realiz贸 la migraci贸n de 816 registros siguiendo las mismas condiciones que un requerimiento anterior. Tras la autorizaci贸n de la cotizaci贸n, se complet贸 la migraci贸n, se valid贸 en pruebas y se pas贸 a producci贸n, notificando al cliente y solicitando el pase a producci贸n en una hora espec铆fica. Se procedi贸 a la facturaci贸n del servicio.\n\n---\n\n*IdTicket: 24076 | FechaCreado: 04/04/2024 | Resumen: Se solicit贸 realizar la migraci贸n de 853 registros bajo las mismas condiciones de un requerimiento anterior. Tras validar la cotizaci贸n y recibir los documentos correspondientes, se integr贸 la migraci贸n en pruebas y posteriormente en producci贸n. Se factur贸 el servicio y se notific贸 al cliente.\n\n---\n\n*IdTicket: 24159 | FechaCreado: 04/23/2024 | Resumen: En el ticket 24159 se solicit贸 la migraci贸n de la cartera ISSTEY correspondiente al Segundo periodo de Mayo 2024. Tras la autorizaci贸n de la cotizaci贸n, pruebas y validaciones, se logr贸 la liberaci贸n en producci贸n y la correspondiente facturaci贸n por parte de Karla.\n\n---\n\n*IdTicket: 24222 | FechaCreado: 05/07/2024 | Resumen: Se solicit贸 la migraci贸n de 551 cr茅ditos ISSTEY para Mayo 2024. Tras autorizaci贸n del cliente, se realiz贸 la migraci贸n con 茅xito, pasando de pruebas a producci贸n sin inconvenientes y notificando al cliente. Se cerr贸 el ticket con la integraci贸n exitosa de la informaci贸n.\n\n---\n\n*IdTicket: 24280 | FechaCreado: 05/22/2024 | Resumen: Se realiz贸 la carga de migraci贸n ISSTEY correspondiente al segundo periodo de Mayo 2024, con 490 cr茅ditos. Tras la integraci贸n de los datos en pruebas y producci贸n, se notific贸 al cliente y se procedi贸 con la facturaci贸n del servicio.\n\n---\n\n*IdTicket: 24353 | FechaCreado: 06/07/2024 | Resumen: Se recibi贸 la solicitud de migrar a un servidor compartido, programando la migraci贸n en un viernes por la tarde para minimizar impactos en la operaci贸n. Tras realizar la migraci贸n sin incidentes, se cerr贸 el ticket al no presentar problemas posteriores a la migraci贸n.\n\n---\n\n*IdTicket: 24360 | FechaCreado: 06/10/2024 | Resumen: Se solicit贸 cargar la migraci贸n ISSTEY correspondiente al primer periodo de Junio 2024 con 507 cr茅ditos. Tras recibir autorizaci贸n, se realizaron las cargas correspondientes a pruebas y posteriormente a producci贸n. Se valid贸 la migraci贸n con el cliente en ambientes de prueba y producci贸n, cerrando el ticket tras confirmar la correcta migraci贸n y la facturaci贸n correspondiente.\n\n---\n\n*IdTicket: 24419 | FechaCreado: 06/24/2024 | Resumen: En este caso, se solicit贸 la migraci贸n de la cartera ISSTEY del segundo periodo, consistente en 675 cr茅ditos. Tras la validaci贸n del cliente y la integraci贸n en pruebas y producci贸n, se complet贸 con 茅xito la migraci贸n. Finalmente, se procedi贸 a la facturaci贸n del ticket.\n\n---\n\n*IdTicket: 24442 | FechaCreado: 06/27/2024 | Resumen: Se solicit贸 homologar el ambiente de TEST con Producci贸n del 2023 a la fecha, incluyendo todos los desarrollos actuales. Se cotiz贸 la actualizaci贸n en 20 unidades y se inform贸 al cliente. Se espera la liberaci贸n de 5 tickets a producci贸n para proceder con la solicitud.\n\n---\n\n*IdTicket: 24528 | FechaCreado: 07/12/2024 | Resumen: Se solicit贸 la migraci贸n de la cartera ISSTEY del primer periodo de Julio 2024, con 541 cr茅ditos. Tras enviar la cotizaci贸n, recibir la aprobaci贸n, y completar la migraci贸n a producci贸n, se notific贸 al cliente y se procedi贸 con la facturaci贸n correspondiente.\n\n---\n\n*IdTicket: 24591 | FechaCreado: 07/29/2024 | Resumen: Se solicit贸 la migraci贸n de ISSTEY del segundo periodo de Julio 2024, consistente en 648 cr茅ditos. Tras cargar la informaci贸n en pruebas, se detect贸 un error en el layout de cr茅ditos que fue corregido y validado por el cliente. Posteriormente, se liber贸 la migraci贸n a producci贸n y se procedi贸 con la facturaci贸n del servicio.\n\n---\n\n*IdTicket: 24743 | FechaCreado: 08/28/2024 | Resumen: Se inici贸 la migraci贸n a los nuevos servidores tras autorizar la cotizaci贸n en el ticket anterior. Tras varios intentos de confirmaci贸n de la opci贸n elegida y sin respuesta del cliente, se solicit贸 cancelar el proceso de migraci贸n, cerrando el ticket."", ""datautilized"": {""results"": [{""ticket_id"": 35637, ""score"": 0.8454794883728027}, {""ticket_id"": 24222, ""score"": 0.8445398211479187}, {""ticket_id"": 24528, ""score"": 0.8444563746452332}, {""ticket_id"": 24280, ""score"": 0.8414267301559448}, {""ticket_id"": 35638, ""score"": 0.8411420583724976}, {""ticket_id"": 24159, ""score"": 0.8410570621490479}, {""ticket_id"": 24591, ""score"": 0.8378044366836548}, {""ticket_id"": 24419, ""score"": 0.8328182697296143}, {""ticket_id"": 24360, ""score"": 0.8320308327674866}, {""ticket_id"": 17636, ""score"": 0.8312207460403442}, {""ticket_id"": 21347, ""score"": 0.8285795450210571}, {""ticket_id"": 20735, ""score"": 0.827385425567627}, {""ticket_id"": 24076, ""score"": 0.8227260112762451}, {""ticket_id"": 23977, ""score"": 0.8208949565887451}, {""ticket_id"": 23707, ""score"": 0.8207533359527588}, {""ticket_id"": 22632, ""score"": 0.8193743228912354}, {""ticket_id"": 22760, ""score"": 0.8159844875335693}, {""ticket_id"": 22969, ""score"": 0.8154778480529785}, {""ticket_id"": 19906, ""score"": 0.8150408864021301}, {""ticket_id"": 23293, ""score"": 0.8139462471008301}, {""ticket_id"": 23161, ""score"": 0.8134664297103882}, {""ticket_id"": 19849, ""score"": 0.8128587007522583}, {""ticket_id"": 21935, ""score"": 0.8101940155029297}, {""ticket_id"": 21600, ""score"": 0.8076633214950562}, {""ticket_id"": 19943, ""score"": 0.8075830936431885}, {""ticket_id"": 17158, ""score"": 0.7996513843536377}, {""ticket_id"": 35462, ""score"": 0.7992006540298462}, {""ticket_id"": 22190, ""score"": 0.7985432744026184}, {""ticket_id"": 17532, ""score"": 0.7977163791656494}, {""ticket_id"": 22455, ""score"": 0.7966880202293396}, {""ticket_id"": 22535, ""score"": 0.7966114282608032}, {""ticket_id"": 24743, ""score"": 0.796552836894989}, {""ticket_id"": 16042, ""score"": 0.7963492274284363}, {""ticket_id"": 21628, ""score"": 0.7957243323326111}, {""ticket_id"": 21757, ""score"": 0.7941673994064331}, {""ticket_id"": 19010, ""score"": 0.7939267158508301}, {""ticket_id"": 23663, ""score"": 0.7935795187950134}, {""ticket_id"": 23664, ""score"": 0.7933394908905029}, {""ticket_id"": 22003, ""score"": 0.7932182550430298}, {""ticket_id"": 14984, ""score"": 0.7932099103927612}, {""ticket_id"": 24442, ""score"": 0.792589008808136}, {""ticket_id"": 22000, ""score"": 0.792212724685669}, {""ticket_id"": 24353, ""score"": 0.7921148538589478}, {""ticket_id"": 22183, ""score"": 0.7919580936431885}, {""ticket_id"": 15956, ""score"": 0.7918696403503418}]}}",2025-07-09 12:28:20
conv_20250807_5b6462e0,,Initialized,"{""active_tool"": null, ""history"": [], ""interaction_id"": 0, ""last_activity"": 1754610293.813685}",2025-08-07 17:44:53
conv_20250807_5b6462e0,1,SetUserInfo,"{""user_info"": ""SANTIAGOTEST""}",2025-08-07 17:44:53
conv_20250807_5b6462e0,2,Updated,"{""usersinput"": ""Cuales tickets se levantaron desde que empezo agosto del 2025?"", ""systemoutput"": ""Se han levantado **100+ tickets** desde que comenz贸 agosto de 2025. Aqu铆 est谩n los m谩s recientes:\n* IdTicket: 36266 | Cliente: GOC | Titulo: Modificar m茅todo zigCreditAmortization | Creado: 07/08/2025 | DetectadoPor: JOHANA | Estatus: Espera Informaci贸n\n* IdTicket: 36265 | Cliente: GOC | Titulo: Agregar columna a proceso csv carga reembolsos | Creado: 07/08/2025 | DetectadoPor: JOHANA | Estatus: An谩lisis del Ticket\n* IdTicket: 36264 | Cliente: DXN | Titulo: Actualizar Componente Genera PDF | Creado: 06/08/2025 | DetectadoPor: ALFREDO | Estatus: Estima Fecha Desarrollo\n* IdTicket: 36263 | Cliente: UCX | Titulo: Agregar columna importe de moratorios a reportes | Creado: 06/08/2025 | DetectadoPor: JOHANA | Estatus: Validaci贸n Cliente\n* IdTicket: 36262 | Cliente: UCX | Titulo: Cr茅ditos con reestructura sin pago liquidaci贸n 2 | Creado: 06/08/2025 | DetectadoPor: JOHANA | Estatus: Investigaci贸n\n* IdTicket: 36261 | Cliente: EXI | Titulo: z36261 - Observaciones WS aplicaci贸n pagos grupal | Creado: 06/08/2025 | DetectadoPor: JAVIER | Estatus: Validaci贸n Cliente\n* IdTicket: 36260 | Cliente: CFO | Titulo: Error en Proceso Detalle de Movimiento BI DIARIO | Creado: 06/08/2025 | DetectadoPor: CAROLINA | Estatus: Validaci贸n Cliente\n* IdTicket: 36259 | Cliente: DXT | Titulo: Error en Matriz de Riesgo: Convenio ISSTEY | Creado: 05/08/2025 | DetectadoPor: CAROLINA | Estatus: An谩lisis del Ticket\n* IdTicket: 36258 | Cliente: AYU | Titulo: Desarrollar API para checklist de la solicitud | Creado: 05/08/2025 | DetectadoPor: JOHANA | Estatus: Espera Informaci贸n\n* IdTicket: 36257 | Cliente: AYU | Titulo: Modificar reporte de estatus de solicitudes | Creado: 05/08/2025 | DetectadoPor: JOHANA | Estatus: Investigaci贸n"", ""datautilized"": {""sql_query"": ""SELECT TOP 100 iError = 0, vError = '', vJsonType = 'Query', IdTicket, Cliente, Titulo, FechaCreado, DetectadoPor, Estatus FROM Tickets WHERE CONVERT(datetime, FechaCreado, 101) >= '08/01/2025' ORDER BY CONVERT(datetime, FechaCreado, 101) DESC"", ""query_description"": ""Se muestran todos los tickets levantados desde el 1 de agosto de 2025."", ""query_results"": [{""IdTicket"": 36266, ""Cliente"": ""GOC"", ""Titulo"": ""Modificar m茅todo zigCreditAmortization"", ""FechaCreado"": ""08/07/2025"", ""DetectadoPor"": ""JOHANA"", ""Estatus"": ""Espera Informaci贸n""}, {""IdTicket"": 36265, ""Cliente"": ""GOC"", ""Titulo"": ""Agregar columna a proceso csv carga reembolsos"", ""FechaCreado"": ""08/07/2025"", ""DetectadoPor"": ""JOHANA"", ""Estatus"": ""Analisis del Ticket""}, {""IdTicket"": 36264, ""Cliente"": ""DXN"", ""Titulo"": ""Actualizar Componente Genera PDF"", ""FechaCreado"": ""08/06/2025"", ""DetectadoPor"": ""ALFREDO"", ""Estatus"": ""Estima Fecha Desarrollo""}, {""IdTicket"": 36263, ""Cliente"": ""UCX"", ""Titulo"": ""Agregar columna importe de moratorios a reportes"", ""FechaCreado"": ""08/06/2025"", ""DetectadoPor"": ""JOHANA"", ""Estatus"": ""Validacion Cliente""}, {""IdTicket"": 36262, ""Cliente"": ""UCX"", ""Titulo"": ""Cr茅ditos con reestructura sin pago liquidaci贸n 2"", ""FechaCreado"": ""08/06/2025"", ""DetectadoPor"": ""JOHANA"", ""Estatus"": ""Investigaci贸n""}, {""IdTicket"": 36261, ""Cliente"": ""EXI"", ""Titulo"": ""z36261 - Observaciones WS aplicaci贸n pagos grupal"", ""FechaCreado"": ""08/06/2025"", ""DetectadoPor"": ""JAVIER"", ""Estatus"": ""Validacion Cliente""}, {""IdTicket"": 36260, ""Cliente"": ""CFO"", ""Titulo"": ""Error en Proceso Detalle de Movimiento BI DIARIO"", ""FechaCreado"": ""08/06/2025"", ""DetectadoPor"": ""CAROLINA"", ""Estatus"": ""Validacion Cliente""}, {""IdTicket"": 36259, ""Cliente"": ""DXT"", ""Titulo"": ""Error en Matriz de Riesgo: Convenio ISSTEY"", ""FechaCreado"": ""08/05/2025"", ""DetectadoPor"": ""CAROLINA"", ""Estatus"": ""Analisis del Ticket""}, {""IdTicket"": 36258, ""Cliente"": ""AYU"", ""Titulo"": ""Desarrollar API para checklist de la solicitud"", ""FechaCreado"": ""08/05/2025"", ""DetectadoPor"": ""JOHANA"", ""Estatus"": ""Espera Informaci贸n""}, {""IdTicket"": 36257, ""Cliente"": ""AYU"", ""Titulo"": ""Modificar reporte de estatus de solicitudes"", ""FechaCreado"": ""08/05/2025"", ""DetectadoPor"": ""JOHANA"", ""Estatus"": ""Investigaci贸n""}, {""IdTicket"": 36256, ""Cliente"": ""AYU"", ""Titulo"": ""Migraci贸n de cartera de Crediempleado"", ""FechaCreado"": ""08/05/2025"", ""DetectadoPor"": ""CHELSEA"", ""Estatus"": ""Estima Fecha Desarrollo""}, {""IdTicket"": 36255, ""Cliente"": ""DXT"", ""Titulo"": ""Desarrollo de vistas para el DWH"", ""FechaCreado"": ""08/05/2025"", ""DetectadoPor"": ""ALFREDO"", ""Estatus"": ""Analisis del Ticket""}, {""IdTicket"": 36254, ""Cliente"": ""GOC"", ""Titulo"": ""Modificar n煤mero de cuenta de lista de cobro"", ""FechaCreado"": ""08/05/2025"", ""DetectadoPor"": ""CHELSEA"", ""Estatus"": ""Espera Informaci贸n""}, {""IdTicket"": 36253, ""Cliente"": ""CFO"", ""Titulo"": ""Asignaci贸n Masiva campo iManualDays "", ""FechaCreado"": ""08/05/2025"", ""DetectadoPor"": ""CAROLINA"", ""Estatus"": ""Validacion Cliente""}, {""IdTicket"": 36252, ""Cliente"": ""AYU"", ""Titulo"": ""Modificaci贸n archivo CSV pagos en lote"", ""FechaCreado"": ""08/05/2025"", ""DetectadoPor"": ""CHELSEA"", ""Estatus"": ""Cotizado""}, {""IdTicket"": 36251, ""Cliente"": ""MDI"", ""Titulo"": ""Modificaci贸n Reporte Saldos por Cr茅dito"", ""FechaCreado"": ""08/05/2025"", ""DetectadoPor"": ""CAROLINA"", ""Estatus"": ""Por Cotizar""}, {""IdTicket"": 36250, ""Cliente"": ""INM"", ""Titulo"": ""Fechas de primer pago incorrectas"", ""FechaCreado"": ""08/04/2025"", ""DetectadoPor"": ""JOHANA"", ""Estatus"": ""Cerrado""}, {""IdTicket"": 36249, ""Cliente"": ""CRZ"", ""Titulo"": ""Error al intentar configurar ejeciones por perfil"", ""FechaCreado"": ""08/04/2025"", ""DetectadoPor"": ""JAVIER"", ""Estatus"": ""Validacion Cliente""}, {""IdTicket"": 36248, ""Cliente"": ""CFO"", ""Titulo"": ""Error en Detalle de Movimientos Global-Proceso"", ""FechaCreado"": ""08/04/2025"", ""DetectadoPor"": ""CAROLINA"", ""Estatus"": ""Cerrado""}, {""IdTicket"": 36247, ""Cliente"": ""FLS"", ""Titulo"": ""Reactivaci贸n  de Cr茅dito en Producci贸n 547"", ""FechaCreado"": ""08/04/2025"", ""DetectadoPor"": ""CAROLINA"", ""Estatus"": ""Cerrado""}, {""IdTicket"": 36246, ""Cliente"": ""DFR"", ""Titulo"": ""Actualizar Test por Revisi贸n Cr茅dito 36094"", ""FechaCreado"": ""08/04/2025"", ""DetectadoPor"": ""ALFREDO"", ""Estatus"": ""Cancelado""}, {""IdTicket"": 36245, ""Cliente"": ""UCX"", ""Titulo"": ""Validaci贸n del CEP desde solicitudes y reembolsos"", ""FechaCreado"": ""08/04/2025"", ""DetectadoPor"": ""JOHANA"", ""Estatus"": ""Cotizado""}, {""IdTicket"": 36244, ""Cliente"": ""EXI"", ""Titulo"": ""Lote de pagos 55429 CC en Aplicando"", ""FechaCreado"": ""08/04/2025"", ""DetectadoPor"": ""JAVIER"", ""Estatus"": ""Validacion Cliente""}, {""IdTicket"": 36243, ""Cliente"": ""UCX"", ""Titulo"": ""Proceso Weetrust no respeta par谩metros "", ""FechaCreado"": ""08/01/2025"", ""DetectadoPor"": ""CHELSEA"", ""Estatus"": ""Liberar Producci贸n""}, {""IdTicket"": 36242, ""Cliente"": ""DFR"", ""Titulo"": ""Proceso Reporte de Saldos CSV  en Inicio"", ""FechaCreado"": ""08/01/2025"", ""DetectadoPor"": ""ALFREDO"", ""Estatus"": ""Validacion Cliente""}, {""IdTicket"": 36241, ""Cliente"": ""PRC"", ""Titulo"": ""Capacitaci贸n M贸dulo PLD"", ""FechaCreado"": ""08/01/2025"", ""DetectadoPor"": ""ALFREDO"", ""Estatus"": ""Cotizado""}, {""IdTicket"": 36240, ""Cliente"": ""PRC"", ""Titulo"": ""Error Acceso Ambiente de Test"", ""FechaCreado"": ""08/01/2025"", ""DetectadoPor"": ""CAROLINA"", ""Estatus"": ""Cerrado""}, {""IdTicket"": 36239, ""Cliente"": ""YTP"", ""Titulo"": ""Proceso Personas Morales en Inicio"", ""FechaCreado"": ""08/01/2025"", ""DetectadoPor"": ""CAROLINA"", ""Estatus"": ""Cerrado""}, {""IdTicket"": 36238, ""Cliente"": ""GOC"", ""Titulo"": ""Notificaci贸n de proceso en inicio con frecuencia "", ""FechaCreado"": ""08/01/2025"", ""DetectadoPor"": ""CHELSEA"", ""Estatus"": ""Por Cotizar""}]}}",2025-08-07 17:45:11
conv_20250807_5b6462e0,3,SetUserInfo,"{""user_info"": ""SANTIAGOTEST""}",2025-08-07 17:45:42
conv_20250807_5b6462e0,4,Reset,"{""previous_tool"": ""B煤squeda de Query"", ""new_tool"": ""Pregunta Continuada""}",2025-08-07 17:45:45
conv_20250807_5b6462e0,4,Updated,"{""usersinput"": ""y de esos cuantos han sido levantados por JOHANA?"", ""systemoutput"": ""Se han levantado **6 tickets** desde agosto de 2025 por JOHANA."", ""datautilized"": null}",2025-08-07 17:45:45
conv_20250807_5b6462e0,5,SetUserInfo,"{""user_info"": ""SANTIAGOTEST""}",2025-08-07 17:47:01
conv_20250807_5b6462e0,6,SetUserInfo,"{""user_info"": ""SANTIAGOTEST""}",2025-08-07 17:47:04
conv_20250918_d6641538,,Initialized,"{""active_tool"": null, ""history"": [], ""interaction_id"": 0, ""last_activity"": 1758222562.2343268}",2025-09-18 13:09:22
conv_20250918_d6641538,1,SetUserInfo,"{""user_info"": ""testuser""}",2025-09-18 13:09:22
test1,,Initialized,"{""active_tool"": null, ""history"": [], ""interaction_id"": 0, ""last_activity"": 1767116233.1349888}",2025-12-30 11:37:13
test1,,Initialized,"{""active_tool"": null, ""history"": [], ""interaction_id"": 0, ""last_activity"": 1767116983.2139068}",2025-12-30 11:49:43
test1,,Initialized,"{""active_tool"": null, ""history"": [], ""interaction_id"": 0, ""last_activity"": 1767117969.3436239}",2025-12-30 12:06:09
test1,,Initialized,"{""active_tool"": null, ""history"": [], ""interaction_id"": 0, ""last_activity"": 1767118347.1147072}",2025-12-30 12:12:27
test1,,Initialized,"{""active_tool"": null, ""history"": [], ""interaction_id"": 0, ""last_activity"": 1767638572.83498}",2026-01-05 12:42:52
test1,,Initialized,"{""active_tool"": null, ""history"": [], ""interaction_id"": 0, ""last_activity"": 1767642698.9355414}",2026-01-05 13:51:38
,,Initialized,"{""active_tool"": null, ""history"": [], ""interaction_id"": 0, ""last_activity"": 1767653283.5086803}",2026-01-05 16:48:03
,,Initialized,"{""active_tool"": null, ""history"": [], ""interaction_id"": 0, ""last_activity"": 1767655249.8190405}",2026-01-05 17:20:49
,,Initialized,"{""active_tool"": null, ""history"": [], ""interaction_id"": 0, ""last_activity"": 1767655667.5998085}",2026-01-05 17:27:47
,,Initialized,"{""active_tool"": null, ""history"": [], ""interaction_id"": 0, ""last_activity"": 1767656013.498241}",2026-01-05 17:33:33
,,Initialized,"{""active_tool"": null, ""history"": [], ""interaction_id"": 0, ""last_activity"": 1767656227.9099922}",2026-01-05 17:37:07
test3,,Initialized,"{""active_tool"": null, ""history"": [], ""interaction_id"": 0, ""last_activity"": 1767656297.237338}",2026-01-05 17:38:17
test3,,Initialized,"{""active_tool"": null, ""history"": [], ""interaction_id"": 0, ""last_activity"": 1767656772.2472928}",2026-01-05 17:46:12
test4,,Initialized,"{""active_tool"": null, ""history"": [], ""interaction_id"": 0, ""last_activity"": 1767657310.3479407}",2026-01-05 17:55:10
test5,,Initialized,"{""active_tool"": null, ""history"": [], ""interaction_id"": 0, ""last_activity"": 1767657469.7773051}",2026-01-05 17:57:49
test6,,Initialized,"{""active_tool"": null, ""history"": [], ""interaction_id"": 0, ""last_activity"": 1767657537.8601825}",2026-01-05 17:58:57
